time, x, y, heading, vel_x, vel_y, vel_heading,
0.008, -1.99204e-09, -1.53147e-07, 0.00014498, 0, 0, 0, 
0.016, -1.37057e-09, 4.81393e-09, 0.000110752, 7.76845e-08, 1.97451e-05, -0.00427855, 
0.024, -1.63135e-09, -1.05059e-08, 8.67971e-05, -3.25975e-08, -1.91498e-06, -0.00299431, 
0.032, -1.40764e-09, -2.04038e-08, 6.85945e-05, 2.79637e-08, -1.23724e-06, -0.00227532, 
0.04, -1.06125e-09, -2.73075e-08, 5.44947e-05, 4.32988e-08, -8.62951e-07, -0.00176248, 
0.048, -7.77481e-10, -3.22959e-08, 4.35531e-05, 3.54708e-08, -6.23555e-07, -0.00136769, 
0.056, -6.43007e-10, -3.59249e-08, 3.51063e-05, 1.68092e-08, -4.53628e-07, -0.00105585, 
0.064, -4.94325e-10, -3.85562e-08, 2.86493e-05, 1.85853e-08, -3.28917e-07, -0.000807128, 
0.072, -4.45908e-10, -4.04499e-08, 2.37849e-05, 6.05212e-09, -2.36712e-07, -0.000608052, 
0.08, -4.24798e-10, -4.17989e-08, 2.01918e-05, 2.63875e-09, -1.68621e-07, -0.000449136, 
0.088, -3.90175e-10, -4.27474e-08, 1.7602e-05, 4.32787e-09, -1.18557e-07, -0.000323727, 
0.096, -4.62637e-10, -4.34031e-08, 1.57863e-05, -9.05778e-09, -8.19678e-08, -0.000226965, 
0.104, -4.06944e-10, -4.38465e-08, 1.45481e-05, 6.96168e-09, -5.54221e-08, -0.000154771, 
0.112, -4.66958e-10, -4.41372e-08, 1.37251e-05, -7.50179e-09, -3.63343e-08, -0.000102876, 
0.12, -4.40925e-10, -4.43192e-08, 1.31889e-05, 3.25418e-09, -2.27577e-08, -6.70264e-05, 
0.128, -4.50211e-10, -4.44251e-08, 1.28448e-05, -1.16078e-09, -1.32317e-08, -4.30051e-05, 
0.136, -4.6901e-10, -4.44784e-08, 1.26262e-05, -2.34987e-09, -6.66374e-09, -2.73341e-05, 
0.144, -4.61501e-10, -4.44963e-08, 1.24878e-05, 9.38638e-10, -2.2392e-09, -1.72933e-05, 
0.152, -4.91621e-10, -4.44911e-08, 1.24005e-05, -3.76502e-09, 6.46028e-10, -1.09195e-05, 
0.16, -5.11288e-10, -4.44716e-08, 1.23451e-05, -2.4584e-09, 2.43838e-09, -6.92037e-06, 
0.168, -5.14341e-10, -4.44439e-08, 1.23098e-05, -3.8158e-10, 3.46561e-09, -4.41238e-06, 
0.176, -5.28742e-10, -4.44122e-08, 1.22871e-05, -1.80017e-09, 3.96674e-09, -2.83491e-06, 
0.184, -5.31255e-10, -4.43792e-08, 1.22723e-05, -3.14036e-10, 4.11492e-09, -1.84901e-06, 
0.192, -5.33384e-10, -4.4347e-08, 1.22625e-05, -2.66136e-10, 4.03418e-09, -1.22382e-06, 
0.2, -5.42288e-10, -4.43165e-08, 1.22559e-05, -1.11305e-09, 3.81249e-09, -8.25187e-07, 
0.208, -5.46762e-10, -4.42884e-08, 1.22514e-05, -5.59216e-10, 3.51131e-09, -5.71137e-07, 
0.216, -5.50491e-10, -4.4263e-08, 1.22481e-05, -4.66132e-10, 3.17272e-09, -4.04162e-07, 
0.224, -5.51493e-10, -4.42404e-08, 1.22458e-05, -1.25281e-10, 2.82487e-09, -2.93457e-07, 
0.232, -5.55998e-10, -4.42205e-08, 1.22441e-05, -5.63137e-10, 2.48593e-09, -2.17064e-07, 
0.24, -5.62006e-10, -4.42032e-08, 1.22427e-05, -7.50936e-10, 2.16692e-09, -1.64605e-07, 
0.248, -5.60102e-10, -4.41882e-08, 1.22417e-05, 2.38008e-10, 1.87401e-09, -1.28662e-07, 
0.256, -5.61518e-10, -4.41753e-08, 1.22409e-05, -1.77013e-10, 1.60995e-09, -9.97169e-08, 
0.264, -5.62682e-10, -4.41643e-08, 1.22403e-05, -1.45495e-10, 1.37526e-09, -7.91949e-08, 
0.272, -5.62107e-10, -4.4155e-08, 1.22398e-05, 7.18209e-11, 1.16903e-09, -6.36576e-08, 
0.28, -5.64367e-10, -4.4147e-08, 1.22394e-05, -2.82538e-10, 9.89484e-10, -5.06441e-08, 
0.288, -5.6346e-10, -4.41404e-08, 1.2239e-05, 1.1341e-10, 8.34358e-10, -4.16786e-08, 
0.296, -5.65474e-10, -4.41348e-08, 1.22388e-05, -2.51701e-10, 7.01202e-10, -3.3109e-08, 
0.304, -5.65948e-10, -4.41301e-08, 1.22386e-05, -5.93435e-11, 5.87545e-10, -2.73357e-08, 
0.312, -5.66236e-10, -4.41261e-08, 1.22384e-05, -3.5913e-11, 4.91e-10, -2.21799e-08, 
0.32, -5.67892e-10, -4.41229e-08, 1.22382e-05, -2.07055e-10, 4.09315e-10, -1.77626e-08, 
0.328, -5.66733e-10, -4.41201e-08, 1.22381e-05, 1.44838e-10, 3.40474e-10, -1.50005e-08, 
0.336, -5.66935e-10, -4.41179e-08, 1.2238e-05, -2.52396e-11, 2.82645e-10, -1.17334e-08, 
0.344, -5.67051e-10, -4.4116e-08, 1.22379e-05, -1.44049e-11, 2.34218e-10, -9.57268e-09, 
0.352, -5.67186e-10, -4.41144e-08, 1.22379e-05, -1.6976e-11, 1.93745e-10, -7.76428e-09, 
0.36, -5.67258e-10, -4.41132e-08, 1.22378e-05, -8.97965e-12, 1.60035e-10, -6.30355e-09, 
0.368, -5.67349e-10, -4.41121e-08, 1.22378e-05, -1.13038e-11, 1.31984e-10, -5.09218e-09, 
0.376, -5.67392e-10, -4.41112e-08, 1.22378e-05, -5.46588e-12, 1.08723e-10, -4.12288e-09, 
0.384, -5.67453e-10, -4.41105e-08, 1.22377e-05, -7.57275e-12, 8.94337e-11, -3.32079e-09, 
0.392, -5.67479e-10, -4.41099e-08, 1.22377e-05, -3.22401e-12, 7.34989e-11, -2.68353e-09, 
0.4, -5.6752e-10, -4.41095e-08, 1.22377e-05, -5.12089e-12, 6.03218e-11, -2.1558e-09, 
0.408, -5.67534e-10, -4.41091e-08, 1.22377e-05, -1.81127e-12, 4.94742e-11, -1.73961e-09, 
0.416, -5.67562e-10, -4.41087e-08, 1.22377e-05, -3.50962e-12, 4.0522e-11, -1.39394e-09, 
0.424, -5.6757e-10, -4.41085e-08, 1.22377e-05, -9.33322e-13, 3.31773e-11, -1.12372e-09, 
0.432, -5.67589e-10, -4.41083e-08, 1.22376e-05, -2.44481e-12, 2.71232e-11, -8.98074e-10, 
0.44, -5.67593e-10, -4.41081e-08, 1.22376e-05, -3.98214e-13, 2.21749e-11, -7.2362e-10, 
0.448, -5.67606e-10, -4.41079e-08, 1.22376e-05, -1.73577e-12, 1.8097e-11, -5.76696e-10, 
0.456, -5.67607e-10, -4.41078e-08, 1.22376e-05, -8.18166e-14, 1.47783e-11, -4.64716e-10, 
0.464, -5.67617e-10, -4.41077e-08, 1.22376e-05, -1.26059e-12, 1.20415e-11, -3.69193e-10, 
0.472, -5.67616e-10, -4.41076e-08, 1.22376e-05, 9.96924e-14, 9.82303e-12, -2.97759e-10, 
0.48, -5.67624e-10, -4.41076e-08, 1.22376e-05, -9.37401e-13, 7.99055e-12, -2.35672e-10, 
0.488, -5.67622e-10, -4.41075e-08, 1.22376e-05, 1.96173e-13, 6.5137e-12, -1.9042e-10, 
0.496, -5.67628e-10, -4.41075e-08, 1.22376e-05, -7.14205e-13, 5.28967e-12, -1.50019e-10, 
0.504, -5.67626e-10, -4.41074e-08, 1.22376e-05, 2.40395e-13, 4.31097e-12, -1.21595e-10, 
0.512, -5.67631e-10, -4.41074e-08, 1.22376e-05, -5.56277e-13, 3.49408e-12, -9.5231e-11, 
0.52, -5.67629e-10, -4.41074e-08, 1.22376e-05, 2.55181e-13, 2.84859e-12, -7.75708e-11, 
0.528, -5.67632e-10, -4.41074e-08, 1.22376e-05, -4.42869e-13, 2.30276e-12, -6.0274e-11, 
0.536, -5.6763e-10, -4.41074e-08, 1.22376e-05, 2.49963e-13, 1.87919e-12, -4.94624e-11, 
0.544, -5.67633e-10, -4.41073e-08, 1.22376e-05, -3.58451e-13, 1.51505e-12, -3.80265e-11, 
0.552, -5.67631e-10, -4.41073e-08, 1.22376e-05, 2.374e-13, 1.23758e-12, -3.15507e-11, 
0.56, -5.67633e-10, -4.41073e-08, 1.22376e-05, -2.94889e-13, 9.94243e-13, -2.38974e-11, 
0.568, -5.67632e-10, -4.41073e-08, 1.22376e-05, 2.18724e-13, 8.14909e-13, -2.01473e-11, 
0.576, -5.67634e-10, -4.41073e-08, 1.22376e-05, -2.46019e-13, 6.50525e-13, -1.49458e-11, 
0.584, -5.67632e-10, -4.41073e-08, 1.22376e-05, 1.98748e-13, 5.3744e-13, -1.28969e-11, 
0.592, -5.67634e-10, -4.41073e-08, 1.22376e-05, -2.07299e-13, 4.24454e-13, -9.28753e-12, 
0.6, -5.67632e-10, -4.41073e-08, 1.22376e-05, 1.78202e-13, 3.53708e-13, -8.28932e-12, 
0.608, -5.67634e-10, -4.41073e-08, 1.22376e-05, -1.75817e-13, 2.76949e-13, -5.72247e-12, 
0.616, -5.67632e-10, -4.41073e-08, 1.22376e-05, 1.59012e-13, 2.33431e-13, -5.36191e-12, 
0.624, -5.67634e-10, -4.41073e-08, 1.22376e-05, -1.50121e-13, 1.78041e-13, -3.47986e-12, 
0.632, -5.67632e-10, -4.41073e-08, 1.22376e-05, 1.41299e-13, 1.546e-13, -3.49986e-12, 
0.64, -5.67633e-10, -4.41073e-08, 1.22376e-05, -1.28139e-13, 1.1482e-13, -2.07473e-12, 
0.648, -5.67632e-10, -4.41073e-08, 1.22376e-05, 1.25022e-13, 1.03345e-13, -2.31445e-12, 
0.656, -5.67633e-10, -4.41073e-08, 1.22376e-05, -1.09166e-13, 7.29369e-14, -1.19881e-12, 
0.664, -5.67632e-10, -4.41073e-08, 1.22376e-05, 1.1029e-13, 6.86552e-14, -1.55797e-12, 
0.672, -5.67633e-10, -4.41073e-08, 1.22376e-05, -9.47728e-14, 4.63774e-14, -6.54377e-13, 
0.68, -5.67632e-10, -4.41073e-08, 1.22376e-05, 9.75511e-14, 4.70717e-14, -1.07576e-12, 
0.688, -5.67633e-10, -4.41073e-08, 1.22376e-05, -8.10848e-14, 2.85543e-14, -3.1986e-13, 
0.696, -5.67632e-10, -4.41073e-08, 1.22376e-05, 8.58824e-14, 3.30104e-14, -7.63945e-13, 
0.704, -5.67633e-10, -4.41073e-08, 1.22376e-05, -6.9145e-14, 1.70228e-14, -1.16249e-13, 
0.712, -5.67632e-10, -4.41073e-08, 1.22376e-05, 7.63007e-14, 2.2846e-14, -5.62104e-13, 
0.72, -5.67633e-10, -4.41073e-08, 1.22376e-05, -5.96311e-14, 8.5724e-15, 8.33607e-15, 
0.728, -5.67632e-10, -4.41073e-08, 1.22376e-05, 6.71799e-14, 1.71929e-14, -4.30381e-13, 
0.736, -5.67633e-10, -4.41073e-08, 1.22376e-05, -5.17571e-14, 3.51963e-15, 8.13344e-14, 
0.744, -5.67632e-10, -4.41073e-08, 1.22376e-05, 5.88857e-14, 1.28124e-14, -3.42294e-13, 
0.752, -5.67633e-10, -4.41073e-08, 1.22376e-05, -4.46691e-14, 6.40992e-16, 1.22715e-13, 
0.76, -5.67632e-10, -4.41073e-08, 1.22376e-05, 5.20146e-14, 9.7629e-15, -2.84018e-13, 
0.768, -5.67632e-10, -4.41073e-08, 1.22376e-05, -3.77709e-14, -1.22439e-15, 1.42418e-13, 
0.776, -5.67632e-10, -4.41073e-08, 1.22376e-05, 4.66749e-14, 8.42226e-15, -2.44335e-13, 
0.784, -5.67632e-10, -4.41073e-08, 1.22376e-05, -3.19569e-14, -3.31571e-15, 1.54393e-13, 
0.792, -5.67632e-10, -4.41073e-08, 1.22376e-05, 4.08744e-14, 7.41366e-15, -2.13786e-13, 
0.8, -5.67632e-10, -4.41073e-08, 1.22376e-05, -2.76065e-14, -3.49782e-15, 1.57836e-13, 
0.808, -5.67632e-10, -4.41073e-08, 1.22376e-05, 3.61717e-14, 6.93402e-15, -1.94666e-13, 
0.816, -5.67632e-10, -4.41073e-08, 1.22376e-05, -2.34459e-14, -4.68007e-15, 1.5781e-13, 
0.824, -5.67632e-10, -4.41073e-08, 1.22376e-05, 3.24041e-14, 5.9701e-15, -1.80433e-13, 
0.832, -5.67632e-10, -4.41073e-08, 1.22376e-05, -1.93124e-14, -5.03011e-15, 1.55263e-13, 
0.84, -5.67632e-10, -4.41073e-08, 1.22376e-05, 2.82841e-14, 6.31675e-15, -1.67579e-13, 
0.848, -5.67632e-10, -4.41073e-08, 1.22376e-05, -1.58022e-14, -5.39624e-15, 1.51463e-13, 
0.856, -5.67632e-10, -4.41073e-08, 1.22376e-05, 2.5926e-14, 6.24941e-15, -1.59049e-13, 
0.864, -5.67632e-10, -4.41073e-08, 1.22376e-05, -1.3417e-14, -4.47424e-15, 1.48337e-13, 
0.872, -5.67632e-10, -4.41073e-08, 1.22376e-05, 2.30664e-14, 5.61117e-15, -1.52079e-13, 
0.88, -5.67632e-10, -4.41073e-08, 1.22376e-05, -1.09369e-14, -5.37442e-15, 1.44653e-13, 
0.888, -5.67632e-10, -4.41073e-08, 1.22376e-05, 2.07896e-14, 5.97391e-15, -1.46015e-13, 
0.896, -5.67632e-10, -4.41073e-08, 1.22376e-05, -7.71139e-15, -5.6766e-15, 1.3994e-13, 
0.904, -5.67631e-10, -4.41073e-08, 1.22376e-05, 1.82959e-14, 5.33525e-15, -1.39588e-13, 
0.912, -5.67632e-10, -4.41073e-08, 1.22376e-05, -6.92534e-15, -5.39772e-15, 1.37311e-13, 
0.92, -5.67631e-10, -4.41073e-08, 1.22376e-05, 1.72117e-14, 6.00631e-15, -1.38162e-13, 
0.928, -5.67631e-10, -4.41073e-08, 1.22376e-05, -5.17707e-15, -5.58131e-15, 1.34623e-13, 
0.936, -5.67631e-10, -4.41073e-08, 1.22376e-05, 1.4962e-14, 5.74966e-15, -1.32628e-13, 
0.944, -5.67631e-10, -4.41073e-08, 1.22376e-05, -3.86247e-15, -5.58406e-15, 1.31478e-13, 
0.952, -5.67631e-10, -4.41073e-08, 1.22376e-05, 1.4054e-14, 5.08072e-15, -1.30845e-13, 
0.96, -5.67631e-10, -4.41073e-08, 1.22376e-05, -2.57498e-15, -5.38649e-15, 1.28364e-13, 
0.968, -5.67631e-10, -4.41073e-08, 1.22376e-05, 1.30511e-14, 4.63496e-15, -1.28838e-13, 
0.976, -5.67631e-10, -4.41073e-08, 1.22376e-05, -1.58565e-15, -5.42906e-15, 1.27377e-13, 
0.984, -5.67631e-10, -4.41073e-08, 1.22376e-05, 1.175e-14, 5.54595e-15, -1.26101e-13, 
0.992, -5.67631e-10, -4.41073e-08, 1.22376e-05, -5.69206e-16, -5.57538e-15, 1.24369e-13, 
1, -5.67631e-10, -4.41073e-08, 1.22376e-05, 1.11402e-14, 6.0188e-15, -1.25212e-13, 
1.008, -5.67631e-10, -4.41073e-08, 1.22376e-05, 2.30393e-16, -5.09617e-15, 1.24125e-13, 
1.016, -5.67631e-10, -4.41073e-08, 1.22376e-05, 0, 0, 0, 
1.024, -5.67631e-10, -4.41073e-08, 1.22376e-05, 0, 0, 0, 
1.032, -5.67631e-10, -4.41073e-08, 1.22376e-05, 0, 0, 0, 
1.04, -5.67631e-10, -4.41073e-08, 1.22376e-05, 0, 0, 0, 
1.048, -5.67631e-10, -4.41073e-08, 1.22376e-05, 0, 0, 0, 
1.056, -5.67631e-10, -4.41073e-08, 1.22376e-05, 0, 0, 0, 
1.064, -5.67631e-10, -4.41073e-08, 1.22376e-05, 0, 0, 0, 
1.072, -5.67631e-10, -4.41073e-08, 1.22376e-05, 0, 0, 0, 
1.08, -5.67631e-10, -4.41073e-08, 1.22376e-05, 0, 0, 0, 
1.088, -5.67631e-10, -4.41073e-08, 1.22376e-05, 0, 0, 0, 
1.096, -5.67631e-10, -4.41073e-08, 1.22376e-05, 0, 0, 0, 
1.104, -5.67631e-10, -4.41073e-08, 1.22376e-05, 0, 0, 0, 
1.112, -5.67631e-10, -4.41073e-08, 1.22376e-05, 0, 0, 0, 
1.12, -5.67631e-10, -4.41073e-08, 1.22376e-05, 0, 0, 0, 
1.128, -5.67631e-10, -4.41073e-08, 1.22376e-05, 0, 0, 0, 
1.136, -5.67631e-10, -4.41073e-08, 1.22376e-05, 0, 0, 0, 
1.144, -5.67631e-10, -4.41073e-08, 1.22376e-05, 0, 0, 0, 
1.152, -5.67631e-10, -4.41073e-08, 1.22376e-05, 0, 0, 0, 
1.16, -5.67631e-10, -4.41073e-08, 1.22376e-05, 0, 0, 0, 
1.168, -5.67631e-10, -4.41073e-08, 1.22376e-05, 0, 0, 0, 
1.176, -5.67631e-10, -4.41073e-08, 1.22376e-05, 0, 0, 0, 
1.184, -5.67631e-10, -4.41073e-08, 1.22376e-05, 0, 0, 0, 
1.192, -5.67631e-10, -4.41073e-08, 1.22376e-05, 0, 0, 0, 
1.2, -5.67631e-10, -4.41073e-08, 1.22376e-05, 0, 0, 0, 
1.208, -5.67631e-10, -4.41073e-08, 1.22376e-05, 0, 0, 0, 
1.216, -5.67631e-10, -4.41073e-08, 1.22376e-05, 0, 0, 0, 
1.224, -5.67631e-10, -4.41073e-08, 1.22376e-05, 0, 0, 0, 
1.232, -5.67631e-10, -4.41073e-08, 1.22376e-05, 0, 0, 0, 
1.24, -5.67631e-10, -4.41073e-08, 1.22376e-05, 0, 0, 0, 
1.248, -5.67631e-10, -4.41073e-08, 1.22376e-05, 0, 0, 0, 
1.256, -5.67631e-10, -4.41073e-08, 1.22376e-05, 0, 0, 0, 
1.264, -5.67631e-10, -4.41073e-08, 1.22376e-05, 0, 0, 0, 
1.272, -5.67631e-10, -4.41073e-08, 1.22376e-05, 0, 0, 0, 
1.28, -5.67631e-10, -4.41073e-08, 1.22376e-05, 0, 0, 0, 
1.288, -5.67631e-10, -4.41073e-08, 1.22376e-05, 0, 0, 0, 
1.296, -5.67631e-10, -4.41073e-08, 1.22376e-05, 0, 0, 0, 
1.304, -5.67631e-10, -4.41073e-08, 1.22376e-05, 0, 0, 0, 
1.312, -5.67631e-10, -4.41073e-08, 1.22376e-05, 0, 0, 0, 
1.32, -5.67631e-10, -4.41073e-08, 1.22376e-05, 0, 0, 0, 
1.328, -5.67631e-10, -4.41073e-08, 1.22376e-05, 0, 0, 0, 
1.336, -5.67631e-10, -4.41073e-08, 1.22376e-05, 0, 0, 0, 
1.344, -5.67631e-10, -4.41073e-08, 1.22376e-05, 0, 0, 0, 
1.352, -5.67631e-10, -4.41073e-08, 1.22376e-05, 0, 0, 0, 
1.36, -5.67631e-10, -4.41073e-08, 1.22376e-05, 0, 0, 0, 
1.368, -5.67631e-10, -4.41073e-08, 1.22376e-05, 0, 0, 0, 
1.376, -5.67631e-10, -4.41073e-08, 1.22376e-05, 0, 0, 0, 
1.384, -5.67631e-10, -4.41073e-08, 1.22376e-05, 0, 0, 0, 
1.392, -5.67631e-10, -4.41073e-08, 1.22376e-05, 0, 0, 0, 
1.4, -5.67631e-10, -4.41073e-08, 1.22376e-05, 0, 0, 0, 
1.408, -5.67631e-10, -4.41073e-08, 1.22376e-05, 0, 0, 0, 
1.416, -5.67631e-10, -4.41073e-08, 1.22376e-05, 0, 0, 0, 
1.424, -5.67631e-10, -4.41073e-08, 1.22376e-05, 0, 0, 0, 
1.432, -5.67631e-10, -4.41073e-08, 1.22376e-05, 0, 0, 0, 
1.44, -5.67631e-10, -4.41073e-08, 1.22376e-05, 0, 0, 0, 
1.448, -5.67631e-10, -4.41073e-08, 1.22376e-05, 0, 0, 0, 
1.456, -5.67631e-10, -4.41073e-08, 1.22376e-05, 0, 0, 0, 
1.464, -5.67631e-10, -4.41073e-08, 1.22376e-05, 0, 0, 0, 
1.472, -5.67631e-10, -4.41073e-08, 1.22376e-05, 0, 0, 0, 
1.48, -5.67631e-10, -4.41073e-08, 1.22376e-05, 0, 0, 0, 
1.488, -5.67631e-10, -4.41073e-08, 1.22376e-05, 0, 0, 0, 
1.496, -5.67631e-10, -4.41073e-08, 1.22376e-05, 0, 0, 0, 
1.504, -5.67631e-10, -4.41073e-08, 1.22376e-05, 0, 0, 0, 
1.512, -5.67631e-10, -4.41073e-08, 1.22376e-05, 0, 0, 0, 
1.52, -5.67631e-10, -4.41073e-08, 1.22376e-05, 0, 0, 0, 
1.528, -5.67631e-10, -4.41073e-08, 1.22376e-05, 0, 0, 0, 
1.536, -5.67631e-10, -4.41073e-08, 1.22376e-05, 0, 0, 0, 
1.544, -5.67631e-10, -4.41073e-08, 1.22376e-05, 0, 0, 0, 
1.552, -5.67631e-10, -4.41073e-08, 1.22376e-05, 0, 0, 0, 
1.56, -5.67631e-10, -4.41073e-08, 1.22376e-05, 0, 0, 0, 
1.568, -5.67631e-10, -4.41073e-08, 1.22376e-05, 0, 0, 0, 
1.576, -5.67631e-10, -4.41073e-08, 1.22376e-05, 0, 0, 0, 
1.584, -5.67631e-10, -4.41073e-08, 1.22376e-05, 0, 0, 0, 
1.592, -5.67631e-10, -4.41073e-08, 1.22376e-05, 0, 0, 0, 
1.6, -5.67631e-10, -4.41073e-08, 1.22376e-05, 0, 0, 0, 
1.608, -5.67631e-10, -4.41073e-08, 1.22376e-05, 0, 0, 0, 
1.616, -5.67631e-10, -4.41073e-08, 1.22376e-05, 0, 0, 0, 
1.624, -5.67631e-10, -4.41073e-08, 1.22376e-05, 0, 0, 0, 
1.632, -5.67631e-10, -4.41073e-08, 1.22376e-05, 0, 0, 0, 
1.64, -5.67631e-10, -4.41073e-08, 1.22376e-05, 0, 0, 0, 
1.648, -5.67631e-10, -4.41073e-08, 1.22376e-05, 0, 0, 0, 
1.656, -5.67631e-10, -4.41073e-08, 1.22376e-05, 0, 0, 0, 
1.664, -5.67631e-10, -4.41073e-08, 1.22376e-05, 0, 0, 0, 
1.672, -5.67631e-10, -4.41073e-08, 1.22376e-05, 0, 0, 0, 
1.68, -5.67631e-10, -4.41073e-08, 1.22376e-05, 0, 0, 0, 
1.688, -5.67631e-10, -4.41073e-08, 1.22376e-05, 0, 0, 0, 
1.696, -5.67631e-10, -4.41073e-08, 1.22376e-05, 0, 0, 0, 
1.704, -5.67631e-10, -4.41073e-08, 1.22376e-05, 0, 0, 0, 
1.712, -5.67631e-10, -4.41073e-08, 1.22376e-05, 0, 0, 0, 
1.72, -5.67631e-10, -4.41073e-08, 1.22376e-05, 0, 0, 0, 
1.728, -5.67631e-10, -4.41073e-08, 1.22376e-05, 0, 0, 0, 
1.736, -5.67631e-10, -4.41073e-08, 1.22376e-05, 0, 0, 0, 
1.744, -5.67631e-10, -4.41073e-08, 1.22376e-05, 0, 0, 0, 
1.752, -5.67631e-10, -4.41073e-08, 1.22376e-05, 0, 0, 0, 
1.76, -5.67631e-10, -4.41073e-08, 1.22376e-05, 0, 0, 0, 
1.768, -5.67631e-10, -4.41073e-08, 1.22376e-05, 0, 0, 0, 
1.776, -5.67631e-10, -4.41073e-08, 1.22376e-05, 0, 0, 0, 
1.784, -5.67631e-10, -4.41073e-08, 1.22376e-05, 0, 0, 0, 
1.792, -5.67631e-10, -4.41073e-08, 1.22376e-05, 0, 0, 0, 
1.8, -5.67631e-10, -4.41073e-08, 1.22376e-05, 0, 0, 0, 
1.808, -5.67631e-10, -4.41073e-08, 1.22376e-05, 0, 0, 0, 
1.816, -5.67631e-10, -4.41073e-08, 1.22376e-05, 0, 0, 0, 
1.824, -5.67631e-10, -4.41073e-08, 1.22376e-05, 0, 0, 0, 
1.832, -5.67631e-10, -4.41073e-08, 1.22376e-05, 0, 0, 0, 
1.84, -5.67631e-10, -4.41073e-08, 1.22376e-05, 0, 0, 0, 
1.848, -5.67631e-10, -4.41073e-08, 1.22376e-05, 0, 0, 0, 
1.856, -5.67631e-10, -4.41073e-08, 1.22376e-05, 0, 0, 0, 
1.864, -5.67631e-10, -4.41073e-08, 1.22376e-05, 0, 0, 0, 
1.872, -5.67631e-10, -4.41073e-08, 1.22376e-05, 0, 0, 0, 
1.88, -5.67631e-10, -4.41073e-08, 1.22376e-05, 0, 0, 0, 
1.888, -5.67631e-10, -4.41073e-08, 1.22376e-05, 0, 0, 0, 
1.896, -5.67631e-10, -4.41073e-08, 1.22376e-05, 0, 0, 0, 
1.904, -5.67631e-10, -4.41073e-08, 1.22376e-05, 0, 0, 0, 
1.912, -5.67631e-10, -4.41073e-08, 1.22376e-05, 0, 0, 0, 
1.92, -5.67631e-10, -4.41073e-08, 1.22376e-05, 0, 0, 0, 
1.928, -5.67631e-10, -4.41073e-08, 1.22376e-05, 0, 0, 0, 
1.936, -5.67631e-10, -4.41073e-08, 1.22376e-05, 0, 0, 0, 
1.944, -5.67631e-10, -4.41073e-08, 1.22376e-05, 0, 0, 0, 
1.952, -5.67631e-10, -4.41073e-08, 1.22376e-05, 0, 0, 0, 
1.96, -5.67631e-10, -4.41073e-08, 1.22376e-05, 0, 0, 0, 
1.968, -5.67631e-10, -4.41073e-08, 1.22376e-05, 0, 0, 0, 
1.976, -5.67631e-10, -4.41073e-08, 1.22376e-05, 0, 0, 0, 
1.984, -5.67631e-10, -4.41073e-08, 1.22376e-05, 0, 0, 0, 
1.992, -5.67631e-10, -4.41073e-08, 1.22376e-05, 0, 0, 0, 
2, -5.67631e-10, -4.41073e-08, 1.22376e-05, 0, 0, 0, 
2.008, -5.67631e-10, -4.41073e-08, 1.22376e-05, 0, 0, 0, 
2.016, -5.67631e-10, -4.41073e-08, 1.22376e-05, 0, 0, 0, 
2.024, -5.67631e-10, -4.41073e-08, 1.22376e-05, 0, 0, 0, 
2.032, -5.67631e-10, -4.41073e-08, 1.22376e-05, 0, 0, 0, 
2.04, -5.67631e-10, -4.41073e-08, 1.22376e-05, 0, 0, 0, 
2.048, -5.67631e-10, -4.41073e-08, 1.22376e-05, 0, 0, 0, 
2.056, -5.67631e-10, -4.41073e-08, 1.22376e-05, 0, 0, 0, 
2.064, -5.67631e-10, -4.41073e-08, 1.22376e-05, 0, 0, 0, 
2.072, -5.67631e-10, -4.41073e-08, 1.22376e-05, 0, 0, 0, 
2.08, -5.67631e-10, -4.41073e-08, 1.22376e-05, 0, 0, 0, 
2.088, -5.67631e-10, -4.41073e-08, 1.22376e-05, 0, 0, 0, 
2.096, -5.67631e-10, -4.41073e-08, 1.22376e-05, 0, 0, 0, 
2.104, -5.67631e-10, -4.41073e-08, 1.22376e-05, 0, 0, 0, 
2.112, -5.67631e-10, -4.41073e-08, 1.22376e-05, 0, 0, 0, 
2.12, -5.67631e-10, -4.41073e-08, 1.22376e-05, 0, 0, 0, 
2.128, -5.67631e-10, -4.41073e-08, 1.22376e-05, 0, 0, 0, 
2.136, -5.67631e-10, -4.41073e-08, 1.22376e-05, 0, 0, 0, 
2.144, -5.67631e-10, -4.41073e-08, 1.22376e-05, 0, 0, 0, 
2.152, -5.67631e-10, -4.41073e-08, 1.22376e-05, 0, 0, 0, 
2.16, -5.67631e-10, -4.41073e-08, 1.22376e-05, 0, 0, 0, 
2.168, -5.67631e-10, -4.41073e-08, 1.22376e-05, 0, 0, 0, 
2.176, -5.67631e-10, -4.41073e-08, 1.22376e-05, 0, 0, 0, 
2.184, -5.67631e-10, -4.41073e-08, 1.22376e-05, 0, 0, 0, 
2.192, -5.67631e-10, -4.41073e-08, 1.22376e-05, 0, 0, 0, 
2.2, -5.67631e-10, -4.41073e-08, 1.22376e-05, 0, 0, 0, 
2.208, -5.67631e-10, -4.41073e-08, 1.22376e-05, 0, 0, 0, 
2.216, -5.67631e-10, -4.41073e-08, 1.22376e-05, 0, 0, 0, 
2.224, -5.67631e-10, -4.41073e-08, 1.22376e-05, 0, 0, 0, 
2.232, -5.67631e-10, -4.41073e-08, 1.22376e-05, 0, 0, 0, 
2.24, -5.67631e-10, -4.41073e-08, 1.22376e-05, 0, 0, 0, 
2.248, -5.67631e-10, -4.41073e-08, 1.22376e-05, 0, 0, 0, 
2.256, -5.67631e-10, -4.41073e-08, 1.22376e-05, 0, 0, 0, 
2.264, -5.67631e-10, -4.41073e-08, 1.22376e-05, 0, 0, 0, 
2.272, -5.67631e-10, -4.41073e-08, 1.22376e-05, 0, 0, 0, 
2.28, -5.67631e-10, -4.41073e-08, 1.22376e-05, 0, 0, 0, 
2.288, -5.67631e-10, -4.41073e-08, 1.22376e-05, 0, 0, 0, 
2.296, -5.67631e-10, -4.41073e-08, 1.22376e-05, 0, 0, 0, 
2.304, -5.67631e-10, -4.41073e-08, 1.22376e-05, 0, 0, 0, 
2.312, -5.67631e-10, -4.41073e-08, 1.22376e-05, 0, 0, 0, 
2.32, -5.67631e-10, -4.41073e-08, 1.22376e-05, 0, 0, 0, 
2.328, -5.67631e-10, -4.41073e-08, 1.22376e-05, 0, 0, 0, 
2.336, -5.67631e-10, -4.41073e-08, 1.22376e-05, 0, 0, 0, 
2.344, -5.67631e-10, -4.41073e-08, 1.22376e-05, 0, 0, 0, 
2.352, -5.67631e-10, -4.41073e-08, 1.22376e-05, 0, 0, 0, 
2.36, -5.67631e-10, -4.41073e-08, 1.22376e-05, 0, 0, 0, 
2.368, -5.67631e-10, -4.41073e-08, 1.22376e-05, 0, 0, 0, 
2.376, -5.67631e-10, -4.41073e-08, 1.22376e-05, 0, 0, 0, 
2.384, -5.67631e-10, -4.41073e-08, 1.22376e-05, 0, 0, 0, 
2.392, -5.67631e-10, -4.41073e-08, 1.22376e-05, 0, 0, 0, 
2.4, -5.67631e-10, -4.41073e-08, 1.22376e-05, 0, 0, 0, 
2.408, -5.67631e-10, -4.41073e-08, 1.22376e-05, 0, 0, 0, 
2.416, -5.67631e-10, -4.41073e-08, 1.22376e-05, 0, 0, 0, 
2.424, -5.67631e-10, -4.41073e-08, 1.22376e-05, 0, 0, 0, 
2.432, -5.67631e-10, -4.41073e-08, 1.22376e-05, 0, 0, 0, 
2.44, -5.67631e-10, -4.41073e-08, 1.22376e-05, 0, 0, 0, 
2.448, -5.67631e-10, -4.41073e-08, 1.22376e-05, 0, 0, 0, 
2.456, -5.67631e-10, -4.41073e-08, 1.22376e-05, 0, 0, 0, 
2.464, -5.67631e-10, -4.41073e-08, 1.22376e-05, 0, 0, 0, 
2.472, -5.67631e-10, -4.41073e-08, 1.22376e-05, 0, 0, 0, 
2.48, -5.67631e-10, -4.41073e-08, 1.22376e-05, 0, 0, 0, 
2.488, -5.67631e-10, -4.41073e-08, 1.22376e-05, 0, 0, 0, 
2.496, -5.67631e-10, -4.41073e-08, 1.22376e-05, 0, 0, 0, 
2.504, -5.67631e-10, -4.41073e-08, 1.22376e-05, 0, 0, 0, 
2.512, -5.67631e-10, -4.41073e-08, 1.22376e-05, 0, 0, 0, 
2.52, -5.67631e-10, -4.41073e-08, 1.22376e-05, 0, 0, 0, 
2.528, -5.67631e-10, -4.41073e-08, 1.22376e-05, 0, 0, 0, 
2.536, -5.67631e-10, -4.41073e-08, 1.22376e-05, 0, 0, 0, 
2.544, -5.67631e-10, -4.41073e-08, 1.22376e-05, 0, 0, 0, 
2.552, -5.67631e-10, -4.41073e-08, 1.22376e-05, 0, 0, 0, 
2.56, -5.67631e-10, -4.41073e-08, 1.22376e-05, 0, 0, 0, 
2.568, -5.67631e-10, -4.41073e-08, 1.22376e-05, 0, 0, 0, 
2.576, -5.67631e-10, -4.41073e-08, 1.22376e-05, 0, 0, 0, 
2.584, -5.67631e-10, -4.41073e-08, 1.22376e-05, 0, 0, 0, 
2.592, -5.67631e-10, -4.41073e-08, 1.22376e-05, 0, 0, 0, 
2.6, -5.67631e-10, -4.41073e-08, 1.22376e-05, 0, 0, 0, 
2.608, -5.67631e-10, -4.41073e-08, 1.22376e-05, 0, 0, 0, 
2.616, -5.67631e-10, -4.41073e-08, 1.22376e-05, 0, 0, 0, 
2.624, -5.67631e-10, -4.41073e-08, 1.22376e-05, 0, 0, 0, 
2.632, -5.67631e-10, -4.41073e-08, 1.22376e-05, 0, 0, 0, 
2.64, -5.67631e-10, -4.41073e-08, 1.22376e-05, 0, 0, 0, 
2.648, -5.67631e-10, -4.41073e-08, 1.22376e-05, 0, 0, 0, 
2.656, -5.67631e-10, -4.41073e-08, 1.22376e-05, 0, 0, 0, 
2.664, -5.67631e-10, -4.41073e-08, 1.22376e-05, 0, 0, 0, 
2.672, -5.67631e-10, -4.41073e-08, 1.22376e-05, 0, 0, 0, 
2.68, -5.67631e-10, -4.41073e-08, 1.22376e-05, 0, 0, 0, 
2.688, -5.67631e-10, -4.41073e-08, 1.22376e-05, 0, 0, 0, 
2.696, -5.67631e-10, -4.41073e-08, 1.22376e-05, 0, 0, 0, 
2.704, -5.67631e-10, -4.41073e-08, 1.22376e-05, 0, 0, 0, 
2.712, -5.67631e-10, -4.41073e-08, 1.22376e-05, 0, 0, 0, 
2.72, -5.67631e-10, -4.41073e-08, 1.22376e-05, 0, 0, 0, 
2.728, -5.67631e-10, -4.41073e-08, 1.22376e-05, 0, 0, 0, 
2.736, -5.67631e-10, -4.41073e-08, 1.22376e-05, 0, 0, 0, 
2.744, -5.67631e-10, -4.41073e-08, 1.22376e-05, 0, 0, 0, 
2.752, -5.67631e-10, -4.41073e-08, 1.22376e-05, 0, 0, 0, 
2.76, -5.67631e-10, -4.41073e-08, 1.22376e-05, 0, 0, 0, 
2.768, -5.67631e-10, -4.41073e-08, 1.22376e-05, 0, 0, 0, 
2.776, -5.67631e-10, -4.41073e-08, 1.22376e-05, 0, 0, 0, 
2.784, -5.67631e-10, -4.41073e-08, 1.22376e-05, 0, 0, 0, 
2.792, -5.67631e-10, -4.41073e-08, 1.22376e-05, 0, 0, 0, 
2.8, -5.67631e-10, -4.41073e-08, 1.22376e-05, 0, 0, 0, 
2.808, -5.67631e-10, -4.41073e-08, 1.22376e-05, 0, 0, 0, 
2.816, -5.67631e-10, -4.41073e-08, 1.22376e-05, 0, 0, 0, 
2.824, -5.67631e-10, -4.41073e-08, 1.22376e-05, 0, 0, 0, 
2.832, -5.67631e-10, -4.41073e-08, 1.22376e-05, 0, 0, 0, 
2.84, -5.67631e-10, -4.41073e-08, 1.22376e-05, 0, 0, 0, 
2.848, -5.67631e-10, -4.41073e-08, 1.22376e-05, 0, 0, 0, 
2.856, -5.67631e-10, -4.41073e-08, 1.22376e-05, 0, 0, 0, 
2.864, -5.67631e-10, -4.41073e-08, 1.22376e-05, 0, 0, 0, 
2.872, -5.67631e-10, -4.41073e-08, 1.22376e-05, 0, 0, 0, 
2.88, -5.67631e-10, -4.41073e-08, 1.22376e-05, 0, 0, 0, 
2.888, -5.67631e-10, -4.41073e-08, 1.22376e-05, 0, 0, 0, 
2.896, -5.67631e-10, -4.41073e-08, 1.22376e-05, 0, 0, 0, 
2.904, -5.67631e-10, -4.41073e-08, 1.22376e-05, 0, 0, 0, 
2.912, -5.67631e-10, -4.41073e-08, 1.22376e-05, 0, 0, 0, 
2.92, -5.67631e-10, -4.41073e-08, 1.22376e-05, 0, 0, 0, 
2.928, -5.67631e-10, -4.41073e-08, 1.22376e-05, 0, 0, 0, 
2.936, -5.67631e-10, -4.41073e-08, 1.22376e-05, 0, 0, 0, 
2.944, -5.67631e-10, -4.41073e-08, 1.22376e-05, 0, 0, 0, 
2.952, -5.67631e-10, -4.41073e-08, 1.22376e-05, 0, 0, 0, 
2.96, -5.67631e-10, -4.41073e-08, 1.22376e-05, 0, 0, 0, 
2.968, -5.67631e-10, -4.41073e-08, 1.22376e-05, 0, 0, 0, 
2.976, -5.67631e-10, -4.41073e-08, 1.22376e-05, 0, 0, 0, 
2.984, -5.67631e-10, -4.41073e-08, 1.22376e-05, 0, 0, 0, 
2.992, -5.67631e-10, -4.41073e-08, 1.22376e-05, 0, 0, 0, 
3, -5.67631e-10, -4.41073e-08, 1.22376e-05, 0, 0, 0, 
3.008, -5.67631e-10, -4.41073e-08, 1.22376e-05, 0, 0, 0, 
3.016, -5.67631e-10, -4.41073e-08, 1.22376e-05, 0, 0, 0, 
3.024, -5.67631e-10, -4.41073e-08, 1.22376e-05, 0, 0, 0, 
3.032, -5.67631e-10, -4.41073e-08, 1.22376e-05, 0, 0, 0, 
3.04, -5.67631e-10, -4.41073e-08, 1.22376e-05, 0, 0, 0, 
3.048, -5.67631e-10, -4.41073e-08, 1.22376e-05, 0, 0, 0, 
3.056, -5.67631e-10, -4.41073e-08, 1.22376e-05, 0, 0, 0, 
3.064, -5.67631e-10, -4.41073e-08, 1.22376e-05, 0, 0, 0, 
3.072, -5.67631e-10, -4.41073e-08, 1.22376e-05, 0, 0, 0, 
3.08, -5.67631e-10, -4.41073e-08, 1.22376e-05, 0, 0, 0, 
3.088, -5.67631e-10, -4.41073e-08, 1.22376e-05, 0, 0, 0, 
3.096, -5.67631e-10, -4.41073e-08, 1.22376e-05, 0, 0, 0, 
3.104, -5.67631e-10, -4.41073e-08, 1.22376e-05, 0, 0, 0, 
3.112, -5.67631e-10, -4.41073e-08, 1.22376e-05, 0, 0, 0, 
3.12, -5.67631e-10, -4.41073e-08, 1.22376e-05, 0, 0, 0, 
3.128, -5.67631e-10, -4.41073e-08, 1.22376e-05, 0, 0, 0, 
3.136, -5.67631e-10, -4.41073e-08, 1.22376e-05, 0, 0, 0, 
3.144, -5.67631e-10, -4.41073e-08, 1.22376e-05, 0, 0, 0, 
3.152, -5.67631e-10, -4.41073e-08, 1.22376e-05, 0, 0, 0, 
3.16, -5.67631e-10, -4.41073e-08, 1.22376e-05, 0, 0, 0, 
3.168, -5.67631e-10, -4.41073e-08, 1.22376e-05, 0, 0, 0, 
3.176, -5.67631e-10, -4.41073e-08, 1.22376e-05, 0, 0, 0, 
3.184, -5.67631e-10, -4.41073e-08, 1.22376e-05, 0, 0, 0, 
3.192, -5.67631e-10, -4.41073e-08, 1.22376e-05, 0, 0, 0, 
3.2, -5.67631e-10, -4.41073e-08, 1.22376e-05, 0, 0, 0, 
3.208, -5.67631e-10, -4.41073e-08, 1.22376e-05, 0, 0, 0, 
3.216, -5.67631e-10, -4.41073e-08, 1.22376e-05, 0, 0, 0, 
3.224, -5.67631e-10, -4.41073e-08, 1.22376e-05, 0, 0, 0, 
3.232, -5.67631e-10, -4.41073e-08, 1.22376e-05, 0, 0, 0, 
3.24, -5.67631e-10, -4.41073e-08, 1.22376e-05, 0, 0, 0, 
3.248, -5.67631e-10, -4.41073e-08, 1.22376e-05, 0, 0, 0, 
3.256, -5.67631e-10, -4.41073e-08, 1.22376e-05, 0, 0, 0, 
3.264, -5.67631e-10, -4.41073e-08, 1.22376e-05, 0, 0, 0, 
3.272, -5.67631e-10, -4.41073e-08, 1.22376e-05, 0, 0, 0, 
3.28, -5.67631e-10, -4.41073e-08, 1.22376e-05, 0, 0, 0, 
3.288, -5.67631e-10, -4.41073e-08, 1.22376e-05, 0, 0, 0, 
3.296, -5.67631e-10, -4.41073e-08, 1.22376e-05, 0, 0, 0, 
3.304, -5.67631e-10, -4.41073e-08, 1.22376e-05, 0, 0, 0, 
3.312, -5.67631e-10, -4.41073e-08, 1.22376e-05, 0, 0, 0, 
3.32, -5.67631e-10, -4.41073e-08, 1.22376e-05, 0, 0, 0, 
3.328, -5.67631e-10, -4.41073e-08, 1.22376e-05, 0, 0, 0, 
3.336, -5.67631e-10, -4.41073e-08, 1.22376e-05, 0, 0, 0, 
3.344, -5.67631e-10, -4.41073e-08, 1.22376e-05, 0, 0, 0, 
3.352, -5.67631e-10, -4.41073e-08, 1.22376e-05, 0, 0, 0, 
3.36, -5.67631e-10, -4.41073e-08, 1.22376e-05, 0, 0, 0, 
3.368, -5.67631e-10, -4.41073e-08, 1.22376e-05, 0, 0, 0, 
3.376, -5.67631e-10, -4.41073e-08, 1.22376e-05, 0, 0, 0, 
3.384, -5.67631e-10, -4.41073e-08, 1.22376e-05, 0, 0, 0, 
3.392, -5.67631e-10, -4.41073e-08, 1.22376e-05, 0, 0, 0, 
3.4, -5.67631e-10, -4.41073e-08, 1.22376e-05, 0, 0, 0, 
3.408, -5.67631e-10, -4.41073e-08, 1.22376e-05, 0, 0, 0, 
3.416, -5.67631e-10, -4.41073e-08, 1.22376e-05, 0, 0, 0, 
3.424, -5.67631e-10, -4.41073e-08, 1.22376e-05, 0, 0, 0, 
3.432, -5.67631e-10, -4.41073e-08, 1.22376e-05, 0, 0, 0, 
3.44, -5.67631e-10, -4.41073e-08, 1.22376e-05, 0, 0, 0, 
3.448, -5.67631e-10, -4.41073e-08, 1.22376e-05, 0, 0, 0, 
3.456, -5.67631e-10, -4.41073e-08, 1.22376e-05, 0, 0, 0, 
3.464, -5.67631e-10, -4.41073e-08, 1.22376e-05, 0, 0, 0, 
3.472, -5.67631e-10, -4.41073e-08, 1.22376e-05, 0, 0, 0, 
3.48, -5.67631e-10, -4.41073e-08, 1.22376e-05, 0, 0, 0, 
3.488, -5.67631e-10, -4.41073e-08, 1.22376e-05, 0, 0, 0, 
3.496, -5.67631e-10, -4.41073e-08, 1.22376e-05, 0, 0, 0, 
3.504, -5.67631e-10, -4.41073e-08, 1.22376e-05, 0, 0, 0, 
3.512, -5.67631e-10, -4.41073e-08, 1.22376e-05, 0, 0, 0, 
3.52, -5.67631e-10, -4.41073e-08, 1.22376e-05, 0, 0, 0, 
3.528, -5.67631e-10, -4.41073e-08, 1.22376e-05, 0, 0, 0, 
3.536, -5.67631e-10, -4.41073e-08, 1.22376e-05, 0, 0, 0, 
3.544, -5.67631e-10, -4.41073e-08, 1.22376e-05, 0, 0, 0, 
3.552, -5.67631e-10, -4.41073e-08, 1.22376e-05, 0, 0, 0, 
3.56, -5.67631e-10, -4.41073e-08, 1.22376e-05, 0, 0, 0, 
3.568, -5.67631e-10, -4.41073e-08, 1.22376e-05, 0, 0, 0, 
3.576, -5.67631e-10, -4.41073e-08, 1.22376e-05, 0, 0, 0, 
3.584, -5.67631e-10, -4.41073e-08, 1.22376e-05, 0, 0, 0, 
3.592, -5.67631e-10, -4.41073e-08, 1.22376e-05, 0, 0, 0, 
3.6, -5.67631e-10, -4.41073e-08, 1.22376e-05, 0, 0, 0, 
3.608, -5.67631e-10, -4.41073e-08, 1.22376e-05, 0, 0, 0, 
3.616, -5.67631e-10, -4.41073e-08, 1.22376e-05, 0, 0, 0, 
3.624, -5.67631e-10, -4.41073e-08, 1.22376e-05, 0, 0, 0, 
3.632, -5.67631e-10, -4.41073e-08, 1.22376e-05, 0, 0, 0, 
3.64, -5.67631e-10, -4.41073e-08, 1.22376e-05, 0, 0, 0, 
3.648, -5.67631e-10, -4.41073e-08, 1.22376e-05, 0, 0, 0, 
3.656, -5.67631e-10, -4.41073e-08, 1.22376e-05, 0, 0, 0, 
3.664, -5.67631e-10, -4.41073e-08, 1.22376e-05, 0, 0, 0, 
3.672, -5.67631e-10, -4.41073e-08, 1.22376e-05, 0, 0, 0, 
3.68, -5.67631e-10, -4.41073e-08, 1.22376e-05, 0, 0, 0, 
3.688, -5.67631e-10, -4.41073e-08, 1.22376e-05, 0, 0, 0, 
3.696, -5.67631e-10, -4.41073e-08, 1.22376e-05, 0, 0, 0, 
3.704, -5.67631e-10, -4.41073e-08, 1.22376e-05, 0, 0, 0, 
3.712, -5.67631e-10, -4.41073e-08, 1.22376e-05, 0, 0, 0, 
3.72, -5.67631e-10, -4.41073e-08, 1.22376e-05, 0, 0, 0, 
3.728, -5.67631e-10, -4.41073e-08, 1.22376e-05, 0, 0, 0, 
3.736, -5.67631e-10, -4.41073e-08, 1.22376e-05, 0, 0, 0, 
3.744, -5.67631e-10, -4.41073e-08, 1.22376e-05, 0, 0, 0, 
3.752, -5.67631e-10, -4.41073e-08, 1.22376e-05, 0, 0, 0, 
3.76, -5.67631e-10, -4.41073e-08, 1.22376e-05, 0, 0, 0, 
3.768, -5.67631e-10, -4.41073e-08, 1.22376e-05, 0, 0, 0, 
3.776, -5.67631e-10, -4.41073e-08, 1.22376e-05, 0, 0, 0, 
3.784, -5.67631e-10, -4.41073e-08, 1.22376e-05, 0, 0, 0, 
3.792, -5.67631e-10, -4.41073e-08, 1.22376e-05, 0, 0, 0, 
3.8, -5.67631e-10, -4.41073e-08, 1.22376e-05, 0, 0, 0, 
3.808, -5.67631e-10, -4.41073e-08, 1.22376e-05, 0, 0, 0, 
3.816, -5.67631e-10, -4.41073e-08, 1.22376e-05, 0, 0, 0, 
3.824, -5.67631e-10, -4.41073e-08, 1.22376e-05, 0, 0, 0, 
3.832, -5.67631e-10, -4.41073e-08, 1.22376e-05, 0, 0, 0, 
3.84, -5.67631e-10, -4.41073e-08, 1.22376e-05, 0, 0, 0, 
3.848, -5.67631e-10, -4.41073e-08, 1.22376e-05, 0, 0, 0, 
3.856, -5.67631e-10, -4.41073e-08, 1.22376e-05, 0, 0, 0, 
3.864, -5.67631e-10, -4.41073e-08, 1.22376e-05, 0, 0, 0, 
3.872, -5.67631e-10, -4.41073e-08, 1.22376e-05, 0, 0, 0, 
3.88, -5.67631e-10, -4.41073e-08, 1.22376e-05, 0, 0, 0, 
3.888, -5.67631e-10, -4.41073e-08, 1.22376e-05, 0, 0, 0, 
3.896, -5.67631e-10, -4.41073e-08, 1.22376e-05, 0, 0, 0, 
3.904, -5.67631e-10, -4.41073e-08, 1.22376e-05, 0, 0, 0, 
3.912, -5.67631e-10, -4.41073e-08, 1.22376e-05, 0, 0, 0, 
3.92, -5.67631e-10, -4.41073e-08, 1.22376e-05, 0, 0, 0, 
3.928, -5.67631e-10, -4.41073e-08, 1.22376e-05, 0, 0, 0, 
3.936, -5.67631e-10, -4.41073e-08, 1.22376e-05, 0, 0, 0, 
3.944, -5.67631e-10, -4.41073e-08, 1.22376e-05, 0, 0, 0, 
3.952, -5.67631e-10, -4.41073e-08, 1.22376e-05, 0, 0, 0, 
3.96, -5.67631e-10, -4.41073e-08, 1.22376e-05, 0, 0, 0, 
3.968, -5.67631e-10, -4.41073e-08, 1.22376e-05, 0, 0, 0, 
3.976, -5.67631e-10, -4.41073e-08, 1.22376e-05, 0, 0, 0, 
3.984, -5.67631e-10, -4.41073e-08, 1.22376e-05, 0, 0, 0, 
3.992, -5.67631e-10, -4.41073e-08, 1.22376e-05, 0, 0, 0, 
4, -5.67631e-10, -4.41073e-08, 1.22376e-05, 0, 0, 0, 
4.008, -5.67631e-10, -4.41073e-08, 1.22376e-05, 0, 0, 0, 
4.016, -5.67631e-10, -4.41073e-08, 1.22376e-05, 0, 0, 0, 
4.024, -5.67631e-10, -4.41073e-08, 1.22376e-05, 0, 0, 0, 
4.032, -5.67631e-10, -4.41073e-08, 1.22376e-05, 0, 0, 0, 
4.04, -5.67631e-10, -4.41073e-08, 1.22376e-05, 0, 0, 0, 
4.048, -5.67631e-10, -4.41073e-08, 1.22376e-05, 0, 0, 0, 
4.056, -5.67631e-10, -4.41073e-08, 1.22376e-05, 0, 0, 0, 
4.064, -5.67631e-10, -4.41073e-08, 1.22376e-05, 0, 0, 0, 
4.072, -5.67631e-10, -4.41073e-08, 1.22376e-05, 0, 0, 0, 
4.08, -5.67631e-10, -4.41073e-08, 1.22376e-05, 0, 0, 0, 
4.088, -5.67631e-10, -4.41073e-08, 1.22376e-05, 0, 0, 0, 
4.096, -5.67631e-10, -4.41073e-08, 1.22376e-05, 0, 0, 0, 
4.104, -5.67631e-10, -4.41073e-08, 1.22376e-05, 0, 0, 0, 
4.112, -5.67631e-10, -4.41073e-08, 1.22376e-05, 0, 0, 0, 
4.12, -5.67631e-10, -4.41073e-08, 1.22376e-05, 0, 0, 0, 
4.128, -5.67631e-10, -4.41073e-08, 1.22376e-05, 0, 0, 0, 
4.136, -5.67631e-10, -4.41073e-08, 1.22376e-05, 0, 0, 0, 
4.144, -5.67631e-10, -4.41073e-08, 1.22376e-05, 0, 0, 0, 
4.152, -5.67631e-10, -4.41073e-08, 1.22376e-05, 0, 0, 0, 
4.16, -5.67631e-10, -4.41073e-08, 1.22376e-05, 0, 0, 0, 
4.168, -5.67631e-10, -4.41073e-08, 1.22376e-05, 0, 0, 0, 
4.176, -5.67631e-10, -4.41073e-08, 1.22376e-05, 0, 0, 0, 
4.184, -5.67631e-10, -4.41073e-08, 1.22376e-05, 0, 0, 0, 
4.192, -5.67631e-10, -4.41073e-08, 1.22376e-05, 0, 0, 0, 
4.2, -5.67631e-10, -4.41073e-08, 1.22376e-05, 0, 0, 0, 
4.208, -5.67631e-10, -4.41073e-08, 1.22376e-05, 0, 0, 0, 
4.216, -5.67631e-10, -4.41073e-08, 1.22376e-05, 0, 0, 0, 
4.224, -5.67631e-10, -4.41073e-08, 1.22376e-05, 0, 0, 0, 
4.232, -5.67631e-10, -4.41073e-08, 1.22376e-05, 0, 0, 0, 
4.24, -5.67631e-10, -4.41073e-08, 1.22376e-05, 0, 0, 0, 
4.248, -5.67631e-10, -4.41073e-08, 1.22376e-05, 0, 0, 0, 
4.256, -5.67631e-10, -4.41073e-08, 1.22376e-05, 0, 0, 0, 
4.264, -5.67631e-10, -4.41073e-08, 1.22376e-05, 0, 0, 0, 
4.272, -5.67631e-10, -4.41073e-08, 1.22376e-05, 0, 0, 0, 
4.28, -5.67631e-10, -4.41073e-08, 1.22376e-05, 0, 0, 0, 
4.288, -5.67631e-10, -4.41073e-08, 1.22376e-05, 0, 0, 0, 
4.296, -5.67631e-10, -4.41073e-08, 1.22376e-05, 0, 0, 0, 
4.304, -5.67631e-10, -4.41073e-08, 1.22376e-05, 0, 0, 0, 
4.312, -5.67631e-10, -4.41073e-08, 1.22376e-05, 0, 0, 0, 
4.32, -5.67631e-10, -4.41073e-08, 1.22376e-05, 0, 0, 0, 
4.328, -5.67631e-10, -4.41073e-08, 1.22376e-05, 0, 0, 0, 
4.336, -5.67631e-10, -4.41073e-08, 1.22376e-05, 0, 0, 0, 
4.344, -5.67631e-10, -4.41073e-08, 1.22376e-05, 0, 0, 0, 
4.352, -5.67631e-10, -4.41073e-08, 1.22376e-05, 0, 0, 0, 
4.36, -5.67631e-10, -4.41073e-08, 1.22376e-05, 0, 0, 0, 
4.368, -5.67631e-10, -4.41073e-08, 1.22376e-05, 0, 0, 0, 
4.376, -5.67631e-10, -4.41073e-08, 1.22376e-05, 0, 0, 0, 
4.384, -5.67631e-10, -4.41073e-08, 1.22376e-05, 0, 0, 0, 
4.392, -5.67631e-10, -4.41073e-08, 1.22376e-05, 0, 0, 0, 
4.4, -5.67631e-10, -4.41073e-08, 1.22376e-05, 0, 0, 0, 
4.408, -5.67631e-10, -4.41073e-08, 1.22376e-05, 0, 0, 0, 
4.416, -5.67631e-10, -4.41073e-08, 1.22376e-05, 0, 0, 0, 
4.424, -5.67631e-10, -4.41073e-08, 1.22376e-05, 0, 0, 0, 
4.432, -5.67631e-10, -4.41073e-08, 1.22376e-05, 0, 0, 0, 
4.44, -5.67631e-10, -4.41073e-08, 1.22376e-05, 0, 0, 0, 
4.448, -5.67631e-10, -4.41073e-08, 1.22376e-05, 0, 0, 0, 
4.456, -5.67631e-10, -4.41073e-08, 1.22376e-05, 0, 0, 0, 
4.464, -5.67631e-10, -4.41073e-08, 1.22376e-05, 0, 0, 0, 
4.472, -5.67631e-10, -4.41073e-08, 1.22376e-05, 0, 0, 0, 
4.48, -5.67631e-10, -4.41073e-08, 1.22376e-05, 0, 0, 0, 
4.488, -5.67631e-10, -4.41073e-08, 1.22376e-05, 0, 0, 0, 
4.496, -5.67631e-10, -4.41073e-08, 1.22376e-05, 0, 0, 0, 
4.504, -5.67631e-10, -4.41073e-08, 1.22376e-05, 0, 0, 0, 
4.512, -5.67631e-10, -4.41073e-08, 1.22376e-05, 0, 0, 0, 
4.52, -5.67631e-10, -4.41073e-08, 1.22376e-05, 0, 0, 0, 
4.528, -5.67631e-10, -4.41073e-08, 1.22376e-05, 0, 0, 0, 
4.536, -5.67631e-10, -4.41073e-08, 1.22376e-05, 0, 0, 0, 
4.544, -5.67631e-10, -4.41073e-08, 1.22376e-05, 0, 0, 0, 
4.552, -5.67631e-10, -4.41073e-08, 1.22376e-05, 0, 0, 0, 
4.56, -5.67631e-10, -4.41073e-08, 1.22376e-05, 0, 0, 0, 
4.568, -5.67631e-10, -4.41073e-08, 1.22376e-05, 0, 0, 0, 
4.576, -5.67631e-10, -4.41073e-08, 1.22376e-05, 0, 0, 0, 
4.584, -5.67631e-10, -4.41073e-08, 1.22376e-05, 0, 0, 0, 
4.592, -5.67631e-10, -4.41073e-08, 1.22376e-05, 0, 0, 0, 
4.6, -5.67631e-10, -4.41073e-08, 1.22376e-05, 0, 0, 0, 
4.608, -5.67631e-10, -4.41073e-08, 1.22376e-05, 0, 0, 0, 
4.616, -5.67631e-10, -4.41073e-08, 1.22376e-05, 0, 0, 0, 
4.624, -5.67631e-10, -4.41073e-08, 1.22376e-05, 0, 0, 0, 
4.632, -5.67631e-10, -4.41073e-08, 1.22376e-05, 0, 0, 0, 
4.64, -5.67631e-10, -4.41073e-08, 1.22376e-05, 0, 0, 0, 
4.648, -5.67631e-10, -4.41073e-08, 1.22376e-05, 0, 0, 0, 
4.656, -5.67631e-10, -4.41073e-08, 1.22376e-05, 0, 0, 0, 
4.664, -5.67631e-10, -4.41073e-08, 1.22376e-05, 0, 0, 0, 
4.672, -5.67631e-10, -4.41073e-08, 1.22376e-05, 0, 0, 0, 
4.68, -5.67631e-10, -4.41073e-08, 1.22376e-05, 0, 0, 0, 
4.688, -5.67631e-10, -4.41073e-08, 1.22376e-05, 0, 0, 0, 
4.696, -5.67631e-10, -4.41073e-08, 1.22376e-05, 0, 0, 0, 
4.704, -5.67631e-10, -4.41073e-08, 1.22376e-05, 0, 0, 0, 
4.712, -5.67631e-10, -4.41073e-08, 1.22376e-05, 0, 0, 0, 
4.72, -5.67631e-10, -4.41073e-08, 1.22376e-05, 0, 0, 0, 
4.728, -5.67631e-10, -4.41073e-08, 1.22376e-05, 0, 0, 0, 
4.736, -5.67631e-10, -4.41073e-08, 1.22376e-05, 0, 0, 0, 
4.744, -5.67631e-10, -4.41073e-08, 1.22376e-05, 0, 0, 0, 
4.752, -5.67631e-10, -4.41073e-08, 1.22376e-05, 0, 0, 0, 
4.76, -5.67631e-10, -4.41073e-08, 1.22376e-05, 0, 0, 0, 
4.768, -5.67631e-10, -4.41073e-08, 1.22376e-05, 0, 0, 0, 
4.776, -5.67631e-10, -4.41073e-08, 1.22376e-05, 0, 0, 0, 
4.784, -5.67631e-10, -4.41073e-08, 1.22376e-05, 0, 0, 0, 
4.792, -5.67631e-10, -4.41073e-08, 1.22376e-05, 0, 0, 0, 
4.8, -5.67631e-10, -4.41073e-08, 1.22376e-05, 0, 0, 0, 
4.808, -5.67631e-10, -4.41073e-08, 1.22376e-05, 0, 0, 0, 
4.816, -5.67631e-10, -4.41073e-08, 1.22376e-05, 0, 0, 0, 
4.824, -5.67631e-10, -4.41073e-08, 1.22376e-05, 0, 0, 0, 
4.832, -5.67631e-10, -4.41073e-08, 1.22376e-05, 0, 0, 0, 
4.84, -5.67631e-10, -4.41073e-08, 1.22376e-05, 0, 0, 0, 
4.848, -5.67631e-10, -4.41073e-08, 1.22376e-05, 0, 0, 0, 
4.856, -5.67631e-10, -4.41073e-08, 1.22376e-05, 0, 0, 0, 
4.864, -5.67631e-10, -4.41073e-08, 1.22376e-05, 0, 0, 0, 
4.872, -5.67631e-10, -4.41073e-08, 1.22376e-05, 0, 0, 0, 
4.88, -5.67631e-10, -4.41073e-08, 1.22376e-05, 0, 0, 0, 
4.888, -5.67631e-10, -4.41073e-08, 1.22376e-05, 0, 0, 0, 
4.896, -5.67631e-10, -4.41073e-08, 1.22376e-05, 0, 0, 0, 
4.904, -5.67631e-10, -4.41073e-08, 1.22376e-05, 0, 0, 0, 
4.912, -5.67631e-10, -4.41073e-08, 1.22376e-05, 0, 0, 0, 
4.92, -5.67631e-10, -4.41073e-08, 1.22376e-05, 0, 0, 0, 
4.928, -5.67631e-10, -4.41073e-08, 1.22376e-05, 0, 0, 0, 
4.936, -5.67631e-10, -4.41073e-08, 1.22376e-05, 0, 0, 0, 
4.944, -5.67631e-10, -4.41073e-08, 1.22376e-05, 0, 0, 0, 
4.952, -5.67631e-10, -4.41073e-08, 1.22376e-05, 0, 0, 0, 
4.96, -5.67631e-10, -4.41073e-08, 1.22376e-05, 0, 0, 0, 
4.968, -5.67631e-10, -4.41073e-08, 1.22376e-05, 0, 0, 0, 
4.976, -5.67631e-10, -4.41073e-08, 1.22376e-05, 0, 0, 0, 
4.984, -5.67631e-10, -4.41073e-08, 1.22376e-05, 0, 0, 0, 
4.992, -5.67631e-10, -4.41073e-08, 1.22376e-05, 0, 0, 0, 
5, -5.67631e-10, -4.41073e-08, 1.22376e-05, 0, 0, 0, 
5.008, -5.67631e-10, -4.41073e-08, 1.22376e-05, 0, 0, 0, 
5.016, -5.67631e-10, -4.41073e-08, 1.22376e-05, 0, 0, 0, 
5.024, -5.67631e-10, -4.41073e-08, 1.22376e-05, 0, 0, 0, 
5.032, -5.67631e-10, -4.41073e-08, 1.22376e-05, 0, 0, 0, 
5.04, -5.67631e-10, -4.41073e-08, 1.22376e-05, 0, 0, 0, 
5.048, -5.67631e-10, -4.41073e-08, 1.22376e-05, 0, 0, 0, 
5.056, -5.67631e-10, -4.41073e-08, 1.22376e-05, 0, 0, 0, 
5.064, -5.67631e-10, -4.41073e-08, 1.22376e-05, 0, 0, 0, 
5.072, -5.67631e-10, -4.41073e-08, 1.22376e-05, 0, 0, 0, 
5.08, -5.67631e-10, -4.41073e-08, 1.22376e-05, 0, 0, 0, 
5.088, -5.67631e-10, -4.41073e-08, 1.22376e-05, 0, 0, 0, 
5.096, -5.67631e-10, -4.41073e-08, 1.22376e-05, 0, 0, 0, 
5.104, -5.67631e-10, -4.41073e-08, 1.22376e-05, 0, 0, 0, 
5.112, -5.67631e-10, -4.41073e-08, 1.22376e-05, 0, 0, 0, 
5.12, -5.67631e-10, -4.41073e-08, 1.22376e-05, 0, 0, 0, 
5.128, -5.67631e-10, -4.41073e-08, 1.22376e-05, 0, 0, 0, 
5.136, -5.67631e-10, -4.41073e-08, 1.22376e-05, 0, 0, 0, 
5.144, -5.67631e-10, -4.41073e-08, 1.22376e-05, 0, 0, 0, 
5.152, -5.67631e-10, -4.41073e-08, 1.22376e-05, 0, 0, 0, 
5.16, -5.67631e-10, -4.41073e-08, 1.22376e-05, 0, 0, 0, 
5.168, -5.67631e-10, -4.41073e-08, 1.22376e-05, 0, 0, 0, 
5.176, -5.67631e-10, -4.41073e-08, 1.22376e-05, 0, 0, 0, 
5.184, -5.67631e-10, -4.41073e-08, 1.22376e-05, 0, 0, 0, 
5.192, -5.67631e-10, -4.41073e-08, 1.22376e-05, 0, 0, 0, 
5.2, -5.67631e-10, -4.41073e-08, 1.22376e-05, 0, 0, 0, 
5.208, -5.67631e-10, -4.41073e-08, 1.22376e-05, 0, 0, 0, 
5.216, -5.67631e-10, -4.41073e-08, 1.22376e-05, 0, 0, 0, 
5.224, -5.67631e-10, -4.41073e-08, 1.22376e-05, 0, 0, 0, 
5.232, -5.67631e-10, -4.41073e-08, 1.22376e-05, 0, 0, 0, 
5.24, -5.67631e-10, -4.41073e-08, 1.22376e-05, 0, 0, 0, 
5.248, -5.67631e-10, -4.41073e-08, 1.22376e-05, 0, 0, 0, 
5.256, -5.67631e-10, -4.41073e-08, 1.22376e-05, 0, 0, 0, 
5.264, -5.67631e-10, -4.41073e-08, 1.22376e-05, 0, 0, 0, 
5.272, -5.67631e-10, -4.41073e-08, 1.22376e-05, 0, 0, 0, 
5.28, -5.67631e-10, -4.41073e-08, 1.22376e-05, 0, 0, 0, 
5.288, -5.67631e-10, -4.41073e-08, 1.22376e-05, 0, 0, 0, 
5.296, -5.67631e-10, -4.41073e-08, 1.22376e-05, 0, 0, 0, 
5.304, -5.67631e-10, -4.41073e-08, 1.22376e-05, 0, 0, 0, 
5.312, -5.67631e-10, -4.41073e-08, 1.22376e-05, 0, 0, 0, 
5.32, -5.67631e-10, -4.41073e-08, 1.22376e-05, 0, 0, 0, 
5.328, -5.67631e-10, -4.41073e-08, 1.22376e-05, 0, 0, 0, 
5.336, -5.67631e-10, -4.41073e-08, 1.22376e-05, 0, 0, 0, 
5.344, -5.67631e-10, -4.41073e-08, 1.22376e-05, 0, 0, 0, 
5.352, -5.67631e-10, -4.41073e-08, 1.22376e-05, 0, 0, 0, 
5.36, -5.67631e-10, -4.41073e-08, 1.22376e-05, 0, 0, 0, 
5.368, -5.67631e-10, -4.41073e-08, 1.22376e-05, 0, 0, 0, 
5.376, -5.67631e-10, -4.41073e-08, 1.22376e-05, 0, 0, 0, 
5.384, -5.67631e-10, -4.41073e-08, 1.22376e-05, 0, 0, 0, 
5.392, -5.67631e-10, -4.41073e-08, 1.22376e-05, 0, 0, 0, 
5.4, -5.67631e-10, -4.41073e-08, 1.22376e-05, 0, 0, 0, 
5.408, -5.67631e-10, -4.41073e-08, 1.22376e-05, 0, 0, 0, 
5.416, -5.67631e-10, -4.41073e-08, 1.22376e-05, 0, 0, 0, 
5.424, -5.67631e-10, -4.41073e-08, 1.22376e-05, 0, 0, 0, 
5.432, -5.67631e-10, -4.41073e-08, 1.22376e-05, 0, 0, 0, 
5.44, -5.67631e-10, -4.41073e-08, 1.22376e-05, 0, 0, 0, 
5.448, -5.67631e-10, -4.41073e-08, 1.22376e-05, 0, 0, 0, 
5.456, -5.67631e-10, -4.41073e-08, 1.22376e-05, 0, 0, 0, 
5.464, -5.67631e-10, -4.41073e-08, 1.22376e-05, 0, 0, 0, 
5.472, -5.67631e-10, -4.41073e-08, 1.22376e-05, 0, 0, 0, 
5.48, -5.67631e-10, -4.41073e-08, 1.22376e-05, 0, 0, 0, 
5.488, -5.67631e-10, -4.41073e-08, 1.22376e-05, 0, 0, 0, 
5.496, -5.67631e-10, -4.41073e-08, 1.22376e-05, 0, 0, 0, 
5.504, -5.67631e-10, -4.41073e-08, 1.22376e-05, 0, 0, 0, 
5.512, -5.67631e-10, -4.41073e-08, 1.22376e-05, 0, 0, 0, 
5.52, -5.67631e-10, -4.41073e-08, 1.22376e-05, 0, 0, 0, 
5.528, -5.67631e-10, -4.41073e-08, 1.22376e-05, 0, 0, 0, 
5.536, -5.67631e-10, -4.41073e-08, 1.22376e-05, 0, 0, 0, 
5.544, -5.67631e-10, -4.41073e-08, 1.22376e-05, 0, 0, 0, 
5.552, -5.67631e-10, -4.41073e-08, 1.22376e-05, 0, 0, 0, 
5.56, -5.67631e-10, -4.41073e-08, 1.22376e-05, 0, 0, 0, 
5.568, -5.67631e-10, -4.41073e-08, 1.22376e-05, 0, 0, 0, 
5.576, -5.67631e-10, -4.41073e-08, 1.22376e-05, 0, 0, 0, 
5.584, -5.67631e-10, -4.41073e-08, 1.22376e-05, 0, 0, 0, 
5.592, -5.67631e-10, -4.41073e-08, 1.22376e-05, 0, 0, 0, 
5.6, -5.67631e-10, -4.41073e-08, 1.22376e-05, 0, 0, 0, 
5.608, -5.67631e-10, -4.41073e-08, 1.22376e-05, 0, 0, 0, 
5.616, -5.67631e-10, -4.41073e-08, 1.22376e-05, 0, 0, 0, 
5.624, -5.67631e-10, -4.41073e-08, 1.22376e-05, 0, 0, 0, 
5.632, -5.67631e-10, -4.41073e-08, 1.22376e-05, 0, 0, 0, 
5.64, -5.67631e-10, -4.41073e-08, 1.22376e-05, 0, 0, 0, 
5.648, -5.67631e-10, -4.41073e-08, 1.22376e-05, 0, 0, 0, 
5.656, -5.67631e-10, -4.41073e-08, 1.22376e-05, 0, 0, 0, 
5.664, -5.67631e-10, -4.41073e-08, 1.22376e-05, 0, 0, 0, 
5.672, -5.67631e-10, -4.41073e-08, 1.22376e-05, 0, 0, 0, 
5.68, -5.67631e-10, -4.41073e-08, 1.22376e-05, 0, 0, 0, 
5.688, -5.67631e-10, -4.41073e-08, 1.22376e-05, 0, 0, 0, 
5.696, -5.67631e-10, -4.41073e-08, 1.22376e-05, 0, 0, 0, 
5.704, -5.67631e-10, -4.41073e-08, 1.22376e-05, 0, 0, 0, 
5.712, -5.67631e-10, -4.41073e-08, 1.22376e-05, 0, 0, 0, 
5.72, -5.67631e-10, -4.41073e-08, 1.22376e-05, 0, 0, 0, 
5.728, -5.67631e-10, -4.41073e-08, 1.22376e-05, 0, 0, 0, 
5.736, -5.67631e-10, -4.41073e-08, 1.22376e-05, 0, 0, 0, 
5.744, -5.67631e-10, -4.41073e-08, 1.22376e-05, 0, 0, 0, 
5.752, -5.67631e-10, -4.41073e-08, 1.22376e-05, 0, 0, 0, 
5.76, -5.67631e-10, -4.41073e-08, 1.22376e-05, 0, 0, 0, 
5.768, -5.67631e-10, -4.41073e-08, 1.22376e-05, 0, 0, 0, 
5.776, -5.67631e-10, -4.41073e-08, 1.22376e-05, 0, 0, 0, 
5.784, -5.67631e-10, -4.41073e-08, 1.22376e-05, 0, 0, 0, 
5.792, -5.67631e-10, -4.41073e-08, 1.22376e-05, 0, 0, 0, 
5.8, -5.67631e-10, -4.41073e-08, 1.22376e-05, 0, 0, 0, 
5.808, -5.67631e-10, -4.41073e-08, 1.22376e-05, 0, 0, 0, 
5.816, -5.67631e-10, -4.41073e-08, 1.22376e-05, 0, 0, 0, 
5.824, -5.67631e-10, -4.41073e-08, 1.22376e-05, 0, 0, 0, 
5.832, -5.67631e-10, -4.41073e-08, 1.22376e-05, 0, 0, 0, 
5.84, -5.67631e-10, -4.41073e-08, 1.22376e-05, 0, 0, 0, 
5.848, -5.67631e-10, -4.41073e-08, 1.22376e-05, 0, 0, 0, 
5.856, -5.67631e-10, -4.41073e-08, 1.22376e-05, 0, 0, 0, 
5.864, -5.67631e-10, -4.41073e-08, 1.22376e-05, 0, 0, 0, 
5.872, -5.67631e-10, -4.41073e-08, 1.22376e-05, 0, 0, 0, 
5.88, -5.67631e-10, -4.41073e-08, 1.22376e-05, 0, 0, 0, 
5.888, -5.67631e-10, -4.41073e-08, 1.22376e-05, 0, 0, 0, 
5.896, -5.67631e-10, -4.41073e-08, 1.22376e-05, 0, 0, 0, 
5.904, -5.67631e-10, -4.41073e-08, 1.22376e-05, 0, 0, 0, 
5.912, -5.67631e-10, -4.41073e-08, 1.22376e-05, 0, 0, 0, 
5.92, -5.67631e-10, -4.41073e-08, 1.22376e-05, 0, 0, 0, 
5.928, -5.67631e-10, -4.41073e-08, 1.22376e-05, 0, 0, 0, 
5.936, -5.67631e-10, -4.41073e-08, 1.22376e-05, 0, 0, 0, 
5.944, -5.67631e-10, -4.41073e-08, 1.22376e-05, 0, 0, 0, 
5.952, -5.67631e-10, -4.41073e-08, 1.22376e-05, 0, 0, 0, 
5.96, -5.67631e-10, -4.41073e-08, 1.22376e-05, 0, 0, 0, 
5.968, -5.67631e-10, -4.41073e-08, 1.22376e-05, 0, 0, 0, 
5.976, -5.67631e-10, -4.41073e-08, 1.22376e-05, 0, 0, 0, 
5.984, -5.67631e-10, -4.41073e-08, 1.22376e-05, 0, 0, 0, 
5.992, -5.67631e-10, -4.41073e-08, 1.22376e-05, 0, 0, 0, 
6, -5.67631e-10, -4.41073e-08, 1.22376e-05, 0, 0, 0, 
6.008, -5.67631e-10, -4.41073e-08, 1.22376e-05, 0, 0, 0, 
6.016, -5.67631e-10, -4.41073e-08, 1.22376e-05, 0, 0, 0, 
6.024, -5.67631e-10, -4.41073e-08, 1.22376e-05, 0, 0, 0, 
6.032, -5.67631e-10, -4.41073e-08, 1.22376e-05, 0, 0, 0, 
6.04, -5.67631e-10, -4.41073e-08, 1.22376e-05, 0, 0, 0, 
6.048, -5.67631e-10, -4.41073e-08, 1.22376e-05, 0, 0, 0, 
6.056, -5.67631e-10, -4.41073e-08, 1.22376e-05, 0, 0, 0, 
6.064, -5.67631e-10, -4.41073e-08, 1.22376e-05, 0, 0, 0, 
6.072, -5.67631e-10, -4.41073e-08, 1.22376e-05, 0, 0, 0, 
6.08, -5.67631e-10, -4.41073e-08, 1.22376e-05, 0, 0, 0, 
6.088, -5.67631e-10, -4.41073e-08, 1.22376e-05, 0, 0, 0, 
6.096, -5.67631e-10, -4.41073e-08, 1.22376e-05, 0, 0, 0, 
6.104, -5.67631e-10, -4.41073e-08, 1.22376e-05, 0, 0, 0, 
6.112, -5.67631e-10, -4.41073e-08, 1.22376e-05, 0, 0, 0, 
6.12, -5.67631e-10, -4.41073e-08, 1.22376e-05, 0, 0, 0, 
6.128, -5.67631e-10, -4.41073e-08, 1.22376e-05, 0, 0, 0, 
6.136, -5.67631e-10, -4.41073e-08, 1.22376e-05, 0, 0, 0, 
6.144, -5.67631e-10, -4.41073e-08, 1.22376e-05, 0, 0, 0, 
6.152, -5.67631e-10, -4.41073e-08, 1.22376e-05, 0, 0, 0, 
6.16, -5.67631e-10, -4.41073e-08, 1.22376e-05, 0, 0, 0, 
6.168, -5.67631e-10, -4.41073e-08, 1.22376e-05, 0, 0, 0, 
6.176, -5.67631e-10, -4.41073e-08, 1.22376e-05, 0, 0, 0, 
6.184, -5.67631e-10, -4.41073e-08, 1.22376e-05, 0, 0, 0, 
6.192, -5.67631e-10, -4.41073e-08, 1.22376e-05, 0, 0, 0, 
6.2, -5.67631e-10, -4.41073e-08, 1.22376e-05, 0, 0, 0, 
6.208, -5.67631e-10, -4.41073e-08, 1.22376e-05, 0, 0, 0, 
6.216, -5.67631e-10, -4.41073e-08, 1.22376e-05, 0, 0, 0, 
6.224, -5.67631e-10, -4.41073e-08, 1.22376e-05, 0, 0, 0, 
6.232, -5.67631e-10, -4.41073e-08, 1.22376e-05, 0, 0, 0, 
6.24, -5.67631e-10, -4.41073e-08, 1.22376e-05, 0, 0, 0, 
6.248, -5.67631e-10, -4.41073e-08, 1.22376e-05, 0, 0, 0, 
6.256, -5.67631e-10, -4.41073e-08, 1.22376e-05, 0, 0, 0, 
6.264, -5.67631e-10, -4.41073e-08, 1.22376e-05, 0, 0, 0, 
6.272, -5.67631e-10, -4.41073e-08, 1.22376e-05, 0, 0, 0, 
6.28, -5.67631e-10, -4.41073e-08, 1.22376e-05, 0, 0, 0, 
6.288, -5.67631e-10, -4.41073e-08, 1.22376e-05, 0, 0, 0, 
6.296, -5.67631e-10, -4.41073e-08, 1.22376e-05, 0, 0, 0, 
6.304, -5.67631e-10, -4.41073e-08, 1.22376e-05, 0, 0, 0, 
6.312, -5.67631e-10, -4.41073e-08, 1.22376e-05, 0, 0, 0, 
6.32, -5.67631e-10, -4.41073e-08, 1.22376e-05, 0, 0, 0, 
6.328, -5.67631e-10, -4.41073e-08, 1.22376e-05, 0, 0, 0, 
6.336, -5.67631e-10, -4.41073e-08, 1.22376e-05, 0, 0, 0, 
6.344, -5.67631e-10, -4.41073e-08, 1.22376e-05, 0, 0, 0, 
6.352, -5.67631e-10, -4.41073e-08, 1.22376e-05, 0, 0, 0, 
6.36, -5.67631e-10, -4.41073e-08, 1.22376e-05, 0, 0, 0, 
6.368, -5.67631e-10, -4.41073e-08, 1.22376e-05, 0, 0, 0, 
6.376, -5.67631e-10, -4.41073e-08, 1.22376e-05, 0, 0, 0, 
6.384, -5.67631e-10, -4.41073e-08, 1.22376e-05, 0, 0, 0, 
6.392, -5.67631e-10, -4.41073e-08, 1.22376e-05, 0, 0, 0, 
6.4, -5.67631e-10, -4.41073e-08, 1.22376e-05, 0, 0, 0, 
6.408, -5.67631e-10, -4.41073e-08, 1.22376e-05, 0, 0, 0, 
6.416, -5.67631e-10, -4.41073e-08, 1.22376e-05, 0, 0, 0, 
6.424, -5.67631e-10, -4.41073e-08, 1.22376e-05, 0, 0, 0, 
6.432, -5.67631e-10, -4.41073e-08, 1.22376e-05, 0, 0, 0, 
6.44, -5.67631e-10, -4.41073e-08, 1.22376e-05, 0, 0, 0, 
6.448, -5.67631e-10, -4.41073e-08, 1.22376e-05, 0, 0, 0, 
6.456, -5.67631e-10, -4.41073e-08, 1.22376e-05, 0, 0, 0, 
6.464, -5.67631e-10, -4.41073e-08, 1.22376e-05, 0, 0, 0, 
6.472, -5.67631e-10, -4.41073e-08, 1.22376e-05, 0, 0, 0, 
6.48, -5.67631e-10, -4.41073e-08, 1.22376e-05, 0, 0, 0, 
6.488, -5.67631e-10, -4.41073e-08, 1.22376e-05, 0, 0, 0, 
6.496, -5.67631e-10, -4.41073e-08, 1.22376e-05, 0, 0, 0, 
6.504, -5.67631e-10, -4.41073e-08, 1.22376e-05, 0, 0, 0, 
6.512, -5.67631e-10, -4.41073e-08, 1.22376e-05, 0, 0, 0, 
6.52, -5.67631e-10, -4.41073e-08, 1.22376e-05, 0, 0, 0, 
6.528, -5.67631e-10, -4.41073e-08, 1.22376e-05, 0, 0, 0, 
6.536, -5.67631e-10, -4.41073e-08, 1.22376e-05, 0, 0, 0, 
6.544, -5.67631e-10, -4.41073e-08, 1.22376e-05, 0, 0, 0, 
6.552, -5.67631e-10, -4.41073e-08, 1.22376e-05, 0, 0, 0, 
6.56, -5.67631e-10, -4.41073e-08, 1.22376e-05, 0, 0, 0, 
6.568, -5.67631e-10, -4.41073e-08, 1.22376e-05, 0, 0, 0, 
6.576, -5.67631e-10, -4.41073e-08, 1.22376e-05, 0, 0, 0, 
6.584, -5.67631e-10, -4.41073e-08, 1.22376e-05, 0, 0, 0, 
6.592, -5.67631e-10, -4.41073e-08, 1.22376e-05, 0, 0, 0, 
6.6, -5.67631e-10, -4.41073e-08, 1.22376e-05, 0, 0, 0, 
6.608, -5.67631e-10, -4.41073e-08, 1.22376e-05, 0, 0, 0, 
6.616, -5.67631e-10, -4.41073e-08, 1.22376e-05, 0, 0, 0, 
6.624, -5.67631e-10, -4.41073e-08, 1.22376e-05, 0, 0, 0, 
6.632, -5.67631e-10, -4.41073e-08, 1.22376e-05, 0, 0, 0, 
6.64, -5.67631e-10, -4.41073e-08, 1.22376e-05, 0, 0, 0, 
6.648, -5.67631e-10, -4.41073e-08, 1.22376e-05, 0, 0, 0, 
6.656, -5.67631e-10, -4.41073e-08, 1.22376e-05, 0, 0, 0, 
6.664, -5.67631e-10, -4.41073e-08, 1.22376e-05, 0, 0, 0, 
6.672, -5.67631e-10, -4.41073e-08, 1.22376e-05, 0, 0, 0, 
6.68, -5.67631e-10, -4.41073e-08, 1.22376e-05, 0, 0, 0, 
6.688, -5.67631e-10, -4.41073e-08, 1.22376e-05, 0, 0, 0, 
6.696, -5.67631e-10, -4.41073e-08, 1.22376e-05, 0, 0, 0, 
6.704, -5.67631e-10, -4.41073e-08, 1.22376e-05, 0, 0, 0, 
6.712, -5.67631e-10, -4.41073e-08, 1.22376e-05, 0, 0, 0, 
6.72, -5.67631e-10, -4.41073e-08, 1.22376e-05, 0, 0, 0, 
6.728, -5.67631e-10, -4.41073e-08, 1.22376e-05, 0, 0, 0, 
6.736, -5.67631e-10, -4.41073e-08, 1.22376e-05, 0, 0, 0, 
6.744, -5.67631e-10, -4.41073e-08, 1.22376e-05, 0, 0, 0, 
6.752, -5.67631e-10, -4.41073e-08, 1.22376e-05, 0, 0, 0, 
6.76, -5.67631e-10, -4.41073e-08, 1.22376e-05, 0, 0, 0, 
6.768, -5.67631e-10, -4.41073e-08, 1.22376e-05, 0, 0, 0, 
6.776, -5.67631e-10, -4.41073e-08, 1.22376e-05, 0, 0, 0, 
6.784, -5.67631e-10, -4.41073e-08, 1.22376e-05, 0, 0, 0, 
6.792, -5.67631e-10, -4.41073e-08, 1.22376e-05, 0, 0, 0, 
6.8, -5.67631e-10, -4.41073e-08, 1.22376e-05, 0, 0, 0, 
6.808, -5.67631e-10, -4.41073e-08, 1.22376e-05, 0, 0, 0, 
6.816, -5.67631e-10, -4.41073e-08, 1.22376e-05, 0, 0, 0, 
6.824, -5.67631e-10, -4.41073e-08, 1.22376e-05, 0, 0, 0, 
6.832, -5.67631e-10, -4.41073e-08, 1.22376e-05, 0, 0, 0, 
6.84, -5.67631e-10, -4.41073e-08, 1.22376e-05, 0, 0, 0, 
6.848, -5.67631e-10, -4.41073e-08, 1.22376e-05, 0, 0, 0, 
6.856, -5.67631e-10, -4.41073e-08, 1.22376e-05, 0, 0, 0, 
6.864, -5.67631e-10, -4.41073e-08, 1.22376e-05, 0, 0, 0, 
6.872, -5.67631e-10, -4.41073e-08, 1.22376e-05, 0, 0, 0, 
6.88, -5.67631e-10, -4.41073e-08, 1.22376e-05, 0, 0, 0, 
6.888, -5.67631e-10, -4.41073e-08, 1.22376e-05, 0, 0, 0, 
6.896, -5.67631e-10, -4.41073e-08, 1.22376e-05, 0, 0, 0, 
6.904, -5.67631e-10, -4.41073e-08, 1.22376e-05, 0, 0, 0, 
6.912, -5.67631e-10, -4.41073e-08, 1.22376e-05, 0, 0, 0, 
6.92, -5.67631e-10, -4.41073e-08, 1.22376e-05, 0, 0, 0, 
6.928, -5.67631e-10, -4.41073e-08, 1.22376e-05, 0, 0, 0, 
6.936, -5.67631e-10, -4.41073e-08, 1.22376e-05, 0, 0, 0, 
6.944, -5.67631e-10, -4.41073e-08, 1.22376e-05, 0, 0, 0, 
6.952, -5.67631e-10, -4.41073e-08, 1.22376e-05, 0, 0, 0, 
6.96, -5.67631e-10, -4.41073e-08, 1.22376e-05, 0, 0, 0, 
6.968, -5.67631e-10, -4.41073e-08, 1.22376e-05, 0, 0, 0, 
6.976, -5.67631e-10, -4.41073e-08, 1.22376e-05, 0, 0, 0, 
6.984, -5.67631e-10, -4.41073e-08, 1.22376e-05, 0, 0, 0, 
6.992, -5.67631e-10, -4.41073e-08, 1.22376e-05, 0, 0, 0, 
7, -5.67631e-10, -4.41073e-08, 1.22376e-05, 0, 0, 0, 
7.008, -5.67631e-10, -4.41073e-08, 1.22376e-05, 0, 0, 0, 
7.016, -5.67631e-10, -4.41073e-08, 1.22376e-05, 0, 0, 0, 
7.024, -5.67631e-10, -4.41073e-08, 1.22376e-05, 0, 0, 0, 
7.032, -5.67631e-10, -4.41073e-08, 1.22376e-05, 0, 0, 0, 
7.04, -5.67631e-10, -4.41073e-08, 1.22376e-05, 0, 0, 0, 
7.048, -5.67631e-10, -4.41073e-08, 1.22376e-05, 0, 0, 0, 
7.056, -5.67631e-10, -4.41073e-08, 1.22376e-05, 0, 0, 0, 
7.064, -5.67631e-10, -4.41073e-08, 1.22376e-05, 0, 0, 0, 
7.072, -5.67631e-10, -4.41073e-08, 1.22376e-05, 0, 0, 0, 
7.08, -5.67631e-10, -4.41073e-08, 1.22376e-05, 0, 0, 0, 
7.088, -5.67631e-10, -4.41073e-08, 1.22376e-05, 0, 0, 0, 
7.096, -5.67631e-10, -4.41073e-08, 1.22376e-05, 0, 0, 0, 
7.104, -5.67631e-10, -4.41073e-08, 1.22376e-05, 0, 0, 0, 
7.112, -5.67631e-10, -4.41073e-08, 1.22376e-05, 0, 0, 0, 
7.12, -5.67631e-10, -4.41073e-08, 1.22376e-05, 0, 0, 0, 
7.128, -5.67631e-10, -4.41073e-08, 1.22376e-05, 0, 0, 0, 
7.136, -5.67631e-10, -4.41073e-08, 1.22376e-05, 0, 0, 0, 
7.144, -5.67631e-10, -4.41073e-08, 1.22376e-05, 0, 0, 0, 
7.152, -5.67631e-10, -4.41073e-08, 1.22376e-05, 0, 0, 0, 
7.16, -5.67631e-10, -4.41073e-08, 1.22376e-05, 0, 0, 0, 
7.168, -5.67631e-10, -4.41073e-08, 1.22376e-05, 0, 0, 0, 
7.176, -5.67631e-10, -4.41073e-08, 1.22376e-05, 0, 0, 0, 
7.184, -5.67631e-10, -4.41073e-08, 1.22376e-05, 0, 0, 0, 
7.192, -5.67631e-10, -4.41073e-08, 1.22376e-05, 0, 0, 0, 
7.2, -5.67631e-10, -4.41073e-08, 1.22376e-05, 0, 0, 0, 
7.208, -5.67631e-10, -4.41073e-08, 1.22376e-05, 0, 0, 0, 
7.216, -5.67631e-10, -4.41073e-08, 1.22376e-05, 0, 0, 0, 
7.224, -5.67631e-10, -4.41073e-08, 1.22376e-05, 0, 0, 0, 
7.232, -5.67631e-10, -4.41073e-08, 1.22376e-05, 0, 0, 0, 
7.24, -5.67631e-10, -4.41073e-08, 1.22376e-05, 0, 0, 0, 
7.248, -5.67631e-10, -4.41073e-08, 1.22376e-05, 0, 0, 0, 
7.256, -5.67631e-10, -4.41073e-08, 1.22376e-05, 0, 0, 0, 
7.264, -5.67631e-10, -4.41073e-08, 1.22376e-05, 0, 0, 0, 
7.272, -5.67631e-10, -4.41073e-08, 1.22376e-05, 0, 0, 0, 
7.28, -5.67631e-10, -4.41073e-08, 1.22376e-05, 0, 0, 0, 
7.288, -5.67631e-10, -4.41073e-08, 1.22376e-05, 0, 0, 0, 
7.296, -5.67631e-10, -4.41073e-08, 1.22376e-05, 0, 0, 0, 
7.304, -5.67631e-10, -4.41073e-08, 1.22376e-05, 0, 0, 0, 
7.312, -5.67631e-10, -4.41073e-08, 1.22376e-05, 0, 0, 0, 
7.32, -5.67631e-10, -4.41073e-08, 1.22376e-05, 0, 0, 0, 
7.328, -5.67631e-10, -4.41073e-08, 1.22376e-05, 0, 0, 0, 
7.336, -5.67631e-10, -4.41073e-08, 1.22376e-05, 0, 0, 0, 
7.344, -5.67631e-10, -4.41073e-08, 1.22376e-05, 0, 0, 0, 
7.352, -5.67631e-10, -4.41073e-08, 1.22376e-05, 0, 0, 0, 
7.36, -5.67631e-10, -4.41073e-08, 1.22376e-05, 0, 0, 0, 
7.368, -5.67631e-10, -4.41073e-08, 1.22376e-05, 0, 0, 0, 
7.376, -5.67631e-10, -4.41073e-08, 1.22376e-05, 0, 0, 0, 
7.384, -5.67631e-10, -4.41073e-08, 1.22376e-05, 0, 0, 0, 
7.392, -5.67631e-10, -4.41073e-08, 1.22376e-05, 0, 0, 0, 
7.4, -5.67631e-10, -4.41073e-08, 1.22376e-05, 0, 0, 0, 
7.408, -5.67631e-10, -4.41073e-08, 1.22376e-05, 0, 0, 0, 
7.416, -5.67631e-10, -4.41073e-08, 1.22376e-05, 0, 0, 0, 
7.424, -5.67631e-10, -4.41073e-08, 1.22376e-05, 0, 0, 0, 
7.432, -5.67631e-10, -4.41073e-08, 1.22376e-05, 0, 0, 0, 
7.44, -5.67631e-10, -4.41073e-08, 1.22376e-05, 0, 0, 0, 
7.448, -5.67631e-10, -4.41073e-08, 1.22376e-05, 0, 0, 0, 
7.456, -5.67631e-10, -4.41073e-08, 1.22376e-05, 0, 0, 0, 
7.464, -5.67631e-10, -4.41073e-08, 1.22376e-05, 0, 0, 0, 
7.472, -5.67631e-10, -4.41073e-08, 1.22376e-05, 0, 0, 0, 
7.48, -5.67631e-10, -4.41073e-08, 1.22376e-05, 0, 0, 0, 
7.488, -5.67631e-10, -4.41073e-08, 1.22376e-05, 0, 0, 0, 
7.496, -5.67631e-10, -4.41073e-08, 1.22376e-05, 0, 0, 0, 
7.504, -5.67631e-10, -4.41073e-08, 1.22376e-05, 0, 0, 0, 
7.512, -5.67631e-10, -4.41073e-08, 1.22376e-05, 0, 0, 0, 
7.52, -5.67631e-10, -4.41073e-08, 1.22376e-05, 0, 0, 0, 
7.528, -5.67631e-10, -4.41073e-08, 1.22376e-05, 0, 0, 0, 
7.536, -5.67631e-10, -4.41073e-08, 1.22376e-05, 0, 0, 0, 
7.544, -5.67631e-10, -4.41073e-08, 1.22376e-05, 0, 0, 0, 
7.552, -5.67631e-10, -4.41073e-08, 1.22376e-05, 0, 0, 0, 
7.56, -5.67631e-10, -4.41073e-08, 1.22376e-05, 0, 0, 0, 
7.568, -5.67631e-10, -4.41073e-08, 1.22376e-05, 0, 0, 0, 
7.576, -5.67631e-10, -4.41073e-08, 1.22376e-05, 0, 0, 0, 
7.584, -5.67631e-10, -4.41073e-08, 1.22376e-05, 0, 0, 0, 
7.592, -5.67631e-10, -4.41073e-08, 1.22376e-05, 0, 0, 0, 
7.6, -5.67631e-10, -4.41073e-08, 1.22376e-05, 0, 0, 0, 
7.608, -5.67631e-10, -4.41073e-08, 1.22376e-05, 0, 0, 0, 
7.616, -5.67631e-10, -4.41073e-08, 1.22376e-05, 0, 0, 0, 
7.624, -5.67631e-10, -4.41073e-08, 1.22376e-05, 0, 0, 0, 
7.632, -5.67631e-10, -4.41073e-08, 1.22376e-05, 0, 0, 0, 
7.64, -5.67631e-10, -4.41073e-08, 1.22376e-05, 0, 0, 0, 
7.648, -5.67631e-10, -4.41073e-08, 1.22376e-05, 0, 0, 0, 
7.656, -5.67631e-10, -4.41073e-08, 1.22376e-05, 0, 0, 0, 
7.664, -5.67631e-10, -4.41073e-08, 1.22376e-05, 0, 0, 0, 
7.672, -5.67631e-10, -4.41073e-08, 1.22376e-05, 0, 0, 0, 
7.68, -5.67631e-10, -4.41073e-08, 1.22376e-05, 0, 0, 0, 
7.688, -5.67631e-10, -4.41073e-08, 1.22376e-05, 0, 0, 0, 
7.696, -5.67631e-10, -4.41073e-08, 1.22376e-05, 0, 0, 0, 
7.704, -5.67631e-10, -4.41073e-08, 1.22376e-05, 0, 0, 0, 
7.712, -5.67631e-10, -4.41073e-08, 1.22376e-05, 0, 0, 0, 
7.72, -5.67631e-10, -4.41073e-08, 1.22376e-05, 0, 0, 0, 
7.728, -5.67631e-10, -4.41073e-08, 1.22376e-05, 0, 0, 0, 
7.736, -5.67631e-10, -4.41073e-08, 1.22376e-05, 0, 0, 0, 
7.744, -5.67631e-10, -4.41073e-08, 1.22376e-05, 0, 0, 0, 
7.752, -5.67631e-10, -4.41073e-08, 1.22376e-05, 0, 0, 0, 
7.76, -5.67631e-10, -4.41073e-08, 1.22376e-05, 0, 0, 0, 
7.768, -5.67631e-10, -4.41073e-08, 1.22376e-05, 0, 0, 0, 
7.776, -5.67631e-10, -4.41073e-08, 1.22376e-05, 0, 0, 0, 
7.784, -5.67631e-10, -4.41073e-08, 1.22376e-05, 0, 0, 0, 
7.792, -5.67631e-10, -4.41073e-08, 1.22376e-05, 0, 0, 0, 
7.8, -5.67631e-10, -4.41073e-08, 1.22376e-05, 0, 0, 0, 
7.808, -5.67631e-10, -4.41073e-08, 1.22376e-05, 0, 0, 0, 
7.816, -5.67631e-10, -4.41073e-08, 1.22376e-05, 0, 0, 0, 
7.824, -5.67631e-10, -4.41073e-08, 1.22376e-05, 0, 0, 0, 
7.832, -5.67631e-10, -4.41073e-08, 1.22376e-05, 0, 0, 0, 
7.84, -5.67631e-10, -4.41073e-08, 1.22376e-05, 0, 0, 0, 
7.848, -5.67631e-10, -4.41073e-08, 1.22376e-05, 0, 0, 0, 
7.856, -5.67631e-10, -4.41073e-08, 1.22376e-05, 0, 0, 0, 
7.864, -5.67631e-10, -4.41073e-08, 1.22376e-05, 0, 0, 0, 
7.872, -5.67631e-10, -4.41073e-08, 1.22376e-05, 0, 0, 0, 
7.88, -5.67631e-10, -4.41073e-08, 1.22376e-05, 0, 0, 0, 
7.888, -5.67631e-10, -4.41073e-08, 1.22376e-05, 0, 0, 0, 
7.896, -5.67631e-10, -4.41073e-08, 1.22376e-05, 0, 0, 0, 
7.904, -5.67631e-10, -4.41073e-08, 1.22376e-05, 0, 0, 0, 
7.912, -5.67631e-10, -4.41073e-08, 1.22376e-05, 0, 0, 0, 
7.92, -5.67631e-10, -4.41073e-08, 1.22376e-05, 0, 0, 0, 
7.928, -5.67631e-10, -4.41073e-08, 1.22376e-05, 0, 0, 0, 
7.936, -5.67631e-10, -4.41073e-08, 1.22376e-05, 0, 0, 0, 
7.944, -5.67631e-10, -4.41073e-08, 1.22376e-05, 0, 0, 0, 
7.952, -5.67631e-10, -4.41073e-08, 1.22376e-05, 0, 0, 0, 
7.96, -5.67631e-10, -4.41073e-08, 1.22376e-05, 0, 0, 0, 
7.968, -5.67631e-10, -4.41073e-08, 1.22376e-05, 0, 0, 0, 
7.976, -5.67631e-10, -4.41073e-08, 1.22376e-05, 0, 0, 0, 
7.984, -5.67631e-10, -4.41073e-08, 1.22376e-05, 0, 0, 0, 
7.992, -5.67631e-10, -4.41073e-08, 1.22376e-05, 0, 0, 0, 
8, -5.67631e-10, -4.41073e-08, 1.22376e-05, 0, 0, 0, 
8.008, -5.67631e-10, -4.41073e-08, 1.22376e-05, 0, 0, 0, 
8.016, -5.67631e-10, -4.41073e-08, 1.22376e-05, 0, 0, 0, 
8.024, -5.67631e-10, -4.41073e-08, 1.22376e-05, 0, 0, 0, 
8.032, -5.67631e-10, -4.41073e-08, 1.22376e-05, 0, 0, 0, 
8.04, -5.67631e-10, -4.41073e-08, 1.22376e-05, 0, 0, 0, 
8.048, -5.67631e-10, -4.41073e-08, 1.22376e-05, 0, 0, 0, 
8.056, -5.67631e-10, -4.41073e-08, 1.22376e-05, 0, 0, 0, 
8.064, -5.67631e-10, -4.41073e-08, 1.22376e-05, 0, 0, 0, 
8.072, -5.67631e-10, -4.41073e-08, 1.22376e-05, 0, 0, 0, 
8.08, -5.67631e-10, -4.41073e-08, 1.22376e-05, 0, 0, 0, 
8.088, -5.67631e-10, -4.41073e-08, 1.22376e-05, 0, 0, 0, 
8.096, -5.67631e-10, -4.41073e-08, 1.22376e-05, 0, 0, 0, 
8.104, -5.67631e-10, -4.41073e-08, 1.22376e-05, 0, 0, 0, 
8.112, -5.67631e-10, -4.41073e-08, 1.22376e-05, 0, 0, 0, 
8.12, -5.67631e-10, -4.41073e-08, 1.22376e-05, 0, 0, 0, 
8.128, -5.67631e-10, -4.41073e-08, 1.22376e-05, 0, 0, 0, 
8.136, -5.67631e-10, -4.41073e-08, 1.22376e-05, 0, 0, 0, 
8.144, -5.67631e-10, -4.41073e-08, 1.22376e-05, 0, 0, 0, 
8.152, -5.67631e-10, -4.41073e-08, 1.22376e-05, 0, 0, 0, 
8.16, -5.67631e-10, -4.41073e-08, 1.22376e-05, 0, 0, 0, 
8.168, -5.67631e-10, -4.41073e-08, 1.22376e-05, 0, 0, 0, 
8.176, -5.67631e-10, -4.41073e-08, 1.22376e-05, 0, 0, 0, 
8.184, -5.67631e-10, -4.41073e-08, 1.22376e-05, 0, 0, 0, 
8.192, -5.67631e-10, -4.41073e-08, 1.22376e-05, 0, 0, 0, 
8.2, -5.67631e-10, -4.41073e-08, 1.22376e-05, 0, 0, 0, 
8.208, -5.67631e-10, -4.41073e-08, 1.22376e-05, 0, 0, 0, 
8.216, -5.67631e-10, -4.41073e-08, 1.22376e-05, 0, 0, 0, 
8.224, -5.67631e-10, -4.41073e-08, 1.22376e-05, 0, 0, 0, 
8.232, -5.67631e-10, -4.41073e-08, 1.22376e-05, 0, 0, 0, 
8.24, -5.67631e-10, -4.41073e-08, 1.22376e-05, 0, 0, 0, 
8.248, -5.67631e-10, -4.41073e-08, 1.22376e-05, 0, 0, 0, 
8.256, -5.67631e-10, -4.41073e-08, 1.22376e-05, 0, 0, 0, 
8.264, -5.67631e-10, -4.41073e-08, 1.22376e-05, 0, 0, 0, 
8.272, -5.67631e-10, -4.41073e-08, 1.22376e-05, 0, 0, 0, 
8.28, -5.67631e-10, -4.41073e-08, 1.22376e-05, 0, 0, 0, 
8.288, -5.67631e-10, -4.41073e-08, 1.22376e-05, 0, 0, 0, 
8.296, -5.67631e-10, -4.41073e-08, 1.22376e-05, 0, 0, 0, 
8.304, -5.67631e-10, -4.41073e-08, 1.22376e-05, 0, 0, 0, 
8.312, -5.67631e-10, -4.41073e-08, 1.22376e-05, 0, 0, 0, 
8.32, -5.67631e-10, -4.41073e-08, 1.22376e-05, 0, 0, 0, 
8.328, -5.67631e-10, -4.41073e-08, 1.22376e-05, 0, 0, 0, 
8.336, -5.67631e-10, -4.41073e-08, 1.22376e-05, 0, 0, 0, 
8.344, -5.67631e-10, -4.41073e-08, 1.22376e-05, 0, 0, 0, 
8.352, -5.67631e-10, -4.41073e-08, 1.22376e-05, 0, 0, 0, 
8.36, -5.67631e-10, -4.41073e-08, 1.22376e-05, 0, 0, 0, 
8.368, -5.67631e-10, -4.41073e-08, 1.22376e-05, 0, 0, 0, 
8.376, -5.67631e-10, -4.41073e-08, 1.22376e-05, 0, 0, 0, 
8.384, -5.67631e-10, -4.41073e-08, 1.22376e-05, 0, 0, 0, 
8.392, -5.67631e-10, -4.41073e-08, 1.22376e-05, 0, 0, 0, 
8.4, -5.67631e-10, -4.41073e-08, 1.22376e-05, 0, 0, 0, 
8.408, -5.67631e-10, -4.41073e-08, 1.22376e-05, 0, 0, 0, 
8.416, -5.67631e-10, -4.41073e-08, 1.22376e-05, 0, 0, 0, 
8.424, -5.67631e-10, -4.41073e-08, 1.22376e-05, 0, 0, 0, 
8.432, -5.67631e-10, -4.41073e-08, 1.22376e-05, 0, 0, 0, 
8.44, -5.67631e-10, -4.41073e-08, 1.22376e-05, 0, 0, 0, 
8.448, -5.67631e-10, -4.41073e-08, 1.22376e-05, 0, 0, 0, 
8.456, -5.67631e-10, -4.41073e-08, 1.22376e-05, 0, 0, 0, 
8.464, -5.67631e-10, -4.41073e-08, 1.22376e-05, 0, 0, 0, 
8.472, -5.67631e-10, -4.41073e-08, 1.22376e-05, 0, 0, 0, 
8.48, -5.67631e-10, -4.41073e-08, 1.22376e-05, 0, 0, 0, 
8.488, -5.67631e-10, -4.41073e-08, 1.22376e-05, 0, 0, 0, 
8.496, -5.67631e-10, -4.41073e-08, 1.22376e-05, 0, 0, 0, 
8.504, -5.67631e-10, -4.41073e-08, 1.22376e-05, 0, 0, 0, 
8.512, -5.67631e-10, -4.41073e-08, 1.22376e-05, 0, 0, 0, 
8.52, -5.67631e-10, -4.41073e-08, 1.22376e-05, 0, 0, 0, 
8.528, -5.67631e-10, -4.41073e-08, 1.22376e-05, 0, 0, 0, 
8.536, -5.67631e-10, -4.41073e-08, 1.22376e-05, 0, 0, 0, 
8.544, -5.67631e-10, -4.41073e-08, 1.22376e-05, 0, 0, 0, 
8.552, -5.67631e-10, -4.41073e-08, 1.22376e-05, 0, 0, 0, 
8.56, -5.67631e-10, -4.41073e-08, 1.22376e-05, 0, 0, 0, 
8.568, -5.67631e-10, -4.41073e-08, 1.22376e-05, 0, 0, 0, 
8.576, -5.67631e-10, -4.41073e-08, 1.22376e-05, 0, 0, 0, 
8.584, -5.67631e-10, -4.41073e-08, 1.22376e-05, 0, 0, 0, 
8.592, -5.67631e-10, -4.41073e-08, 1.22376e-05, 0, 0, 0, 
8.6, -5.67631e-10, -4.41073e-08, 1.22376e-05, 0, 0, 0, 
8.608, -5.67631e-10, -4.41073e-08, 1.22376e-05, 0, 0, 0, 
8.616, -5.67631e-10, -4.41073e-08, 1.22376e-05, 0, 0, 0, 
8.624, -5.67631e-10, -4.41073e-08, 1.22376e-05, 0, 0, 0, 
8.632, -5.67631e-10, -4.41073e-08, 1.22376e-05, 0, 0, 0, 
8.64, -5.67631e-10, -4.41073e-08, 1.22376e-05, 0, 0, 0, 
8.648, -5.67631e-10, -4.41073e-08, 1.22376e-05, 0, 0, 0, 
8.656, -5.67631e-10, -4.41073e-08, 1.22376e-05, 0, 0, 0, 
8.664, -5.67631e-10, -4.41073e-08, 1.22376e-05, 0, 0, 0, 
8.672, -5.67631e-10, -4.41073e-08, 1.22376e-05, 0, 0, 0, 
8.68, -5.67631e-10, -4.41073e-08, 1.22376e-05, 0, 0, 0, 
8.688, -5.67631e-10, -4.41073e-08, 1.22376e-05, 0, 0, 0, 
8.696, -5.67631e-10, -4.41073e-08, 1.22376e-05, 0, 0, 0, 
8.704, -5.67631e-10, -4.41073e-08, 1.22376e-05, 0, 0, 0, 
8.712, -5.67631e-10, -4.41073e-08, 1.22376e-05, 0, 0, 0, 
8.72, -5.67631e-10, -4.41073e-08, 1.22376e-05, 0, 0, 0, 
8.728, -5.67631e-10, -4.41073e-08, 1.22376e-05, 0, 0, 0, 
8.736, -5.67631e-10, -4.41073e-08, 1.22376e-05, 0, 0, 0, 
8.744, -5.67631e-10, -4.41073e-08, 1.22376e-05, 0, 0, 0, 
8.752, -5.67631e-10, -4.41073e-08, 1.22376e-05, 0, 0, 0, 
8.76, -5.67631e-10, -4.41073e-08, 1.22376e-05, 0, 0, 0, 
8.768, -5.67631e-10, -4.41073e-08, 1.22376e-05, 0, 0, 0, 
8.776, -5.67631e-10, -4.41073e-08, 1.22376e-05, 0, 0, 0, 
8.784, -5.67631e-10, -4.41073e-08, 1.22376e-05, 0, 0, 0, 
8.792, -5.67631e-10, -4.41073e-08, 1.22376e-05, 0, 0, 0, 
8.8, -5.67631e-10, -4.41073e-08, 1.22376e-05, 0, 0, 0, 
8.808, -5.67631e-10, -4.41073e-08, 1.22376e-05, 0, 0, 0, 
8.816, -5.67631e-10, -4.41073e-08, 1.22376e-05, 0, 0, 0, 
8.824, -5.67631e-10, -4.41073e-08, 1.22376e-05, 0, 0, 0, 
8.832, -5.67631e-10, -4.41073e-08, 1.22376e-05, 0, 0, 0, 
8.84, -5.67631e-10, -4.41073e-08, 1.22376e-05, 0, 0, 0, 
8.848, -5.67631e-10, -4.41073e-08, 1.22376e-05, 0, 0, 0, 
8.856, -5.67631e-10, -4.41073e-08, 1.22376e-05, 0, 0, 0, 
8.864, -5.67631e-10, -4.41073e-08, 1.22376e-05, 0, 0, 0, 
8.872, -5.67631e-10, -4.41073e-08, 1.22376e-05, 0, 0, 0, 
8.88, -5.67631e-10, -4.41073e-08, 1.22376e-05, 0, 0, 0, 
8.888, -5.67631e-10, -4.41073e-08, 1.22376e-05, 0, 0, 0, 
8.896, -5.67631e-10, -4.41073e-08, 1.22376e-05, 0, 0, 0, 
8.904, -5.67631e-10, -4.41073e-08, 1.22376e-05, 0, 0, 0, 
8.912, -5.67631e-10, -4.41073e-08, 1.22376e-05, 0, 0, 0, 
8.92, -5.67631e-10, -4.41073e-08, 1.22376e-05, 0, 0, 0, 
8.928, -5.67631e-10, -4.41073e-08, 1.22376e-05, 0, 0, 0, 
8.936, -5.67631e-10, -4.41073e-08, 1.22376e-05, 0, 0, 0, 
8.944, -5.67631e-10, -4.41073e-08, 1.22376e-05, 0, 0, 0, 
8.952, -5.67631e-10, -4.41073e-08, 1.22376e-05, 0, 0, 0, 
8.96, -5.67631e-10, -4.41073e-08, 1.22376e-05, 0, 0, 0, 
8.968, -5.67631e-10, -4.41073e-08, 1.22376e-05, 0, 0, 0, 
8.976, -5.67631e-10, -4.41073e-08, 1.22376e-05, 0, 0, 0, 
8.984, -5.67631e-10, -4.41073e-08, 1.22376e-05, 0, 0, 0, 
8.992, -5.67631e-10, -4.41073e-08, 1.22376e-05, 0, 0, 0, 
9, -5.67631e-10, -4.41073e-08, 1.22376e-05, 0, 0, 0, 
9.008, -5.67631e-10, -4.41073e-08, 1.22376e-05, 0, 0, 0, 
9.016, -5.67631e-10, -4.41073e-08, 1.22376e-05, 0, 0, 0, 
9.024, -5.67631e-10, -4.41073e-08, 1.22376e-05, 0, 0, 0, 
9.032, -5.67631e-10, -4.41073e-08, 1.22376e-05, 0, 0, 0, 
9.04, -5.67631e-10, -4.41073e-08, 1.22376e-05, 0, 0, 0, 
9.048, -5.67631e-10, -4.41073e-08, 1.22376e-05, 0, 0, 0, 
9.056, -5.67631e-10, -4.41073e-08, 1.22376e-05, 0, 0, 0, 
9.064, -5.67631e-10, -4.41073e-08, 1.22376e-05, 0, 0, 0, 
9.072, -5.67631e-10, -4.41073e-08, 1.22376e-05, 0, 0, 0, 
9.08, -5.67631e-10, -4.41073e-08, 1.22376e-05, 0, 0, 0, 
9.088, -5.67631e-10, -4.41073e-08, 1.22376e-05, 0, 0, 0, 
9.096, -5.67631e-10, -4.41073e-08, 1.22376e-05, 0, 0, 0, 
9.104, -5.67631e-10, -4.41073e-08, 1.22376e-05, 0, 0, 0, 
9.112, -5.67631e-10, -4.41073e-08, 1.22376e-05, 0, 0, 0, 
9.12, -5.67631e-10, -4.41073e-08, 1.22376e-05, 0, 0, 0, 
9.128, -5.67631e-10, -4.41073e-08, 1.22376e-05, 0, 0, 0, 
9.136, -5.67631e-10, -4.41073e-08, 1.22376e-05, 0, 0, 0, 
9.144, -5.67631e-10, -4.41073e-08, 1.22376e-05, 0, 0, 0, 
9.152, -5.67631e-10, -4.41073e-08, 1.22376e-05, 0, 0, 0, 
9.16, -5.67631e-10, -4.41073e-08, 1.22376e-05, 0, 0, 0, 
9.168, -5.67631e-10, -4.41073e-08, 1.22376e-05, 0, 0, 0, 
9.176, -5.67631e-10, -4.41073e-08, 1.22376e-05, 0, 0, 0, 
9.184, -5.67631e-10, -4.41073e-08, 1.22376e-05, 0, 0, 0, 
9.192, -5.67631e-10, -4.41073e-08, 1.22376e-05, 0, 0, 0, 
9.2, -5.67631e-10, -4.41073e-08, 1.22376e-05, 0, 0, 0, 
9.208, -5.67631e-10, -4.41073e-08, 1.22376e-05, 0, 0, 0, 
9.216, -5.67631e-10, -4.41073e-08, 1.22376e-05, 0, 0, 0, 
9.224, -5.67631e-10, -4.41073e-08, 1.22376e-05, 0, 0, 0, 
9.232, -5.67631e-10, -4.41073e-08, 1.22376e-05, 0, 0, 0, 
9.24, -5.67631e-10, -4.41073e-08, 1.22376e-05, 0, 0, 0, 
9.248, -5.67631e-10, -4.41073e-08, 1.22376e-05, 0, 0, 0, 
9.256, -5.67631e-10, -4.41073e-08, 1.22376e-05, 0, 0, 0, 
9.264, -5.67631e-10, -4.41073e-08, 1.22376e-05, 0, 0, 0, 
9.272, -5.67631e-10, -4.41073e-08, 1.22376e-05, 0, 0, 0, 
9.28, -5.67631e-10, -4.41073e-08, 1.22376e-05, 0, 0, 0, 
9.288, -5.67631e-10, -4.41073e-08, 1.22376e-05, 0, 0, 0, 
9.296, -5.67631e-10, -4.41073e-08, 1.22376e-05, 0, 0, 0, 
9.304, -5.67631e-10, -4.41073e-08, 1.22376e-05, 0, 0, 0, 
9.312, -5.67631e-10, -4.41073e-08, 1.22376e-05, 0, 0, 0, 
9.32, -5.67631e-10, -4.41073e-08, 1.22376e-05, 0, 0, 0, 
9.328, -5.67631e-10, -4.41073e-08, 1.22376e-05, 0, 0, 0, 
9.336, -5.67631e-10, -4.41073e-08, 1.22376e-05, 0, 0, 0, 
9.344, -5.67631e-10, -4.41073e-08, 1.22376e-05, 0, 0, 0, 
9.352, -5.67631e-10, -4.41073e-08, 1.22376e-05, 0, 0, 0, 
9.36, -5.67631e-10, -4.41073e-08, 1.22376e-05, 0, 0, 0, 
9.368, -5.67631e-10, -4.41073e-08, 1.22376e-05, 0, 0, 0, 
9.376, -5.67631e-10, -4.41073e-08, 1.22376e-05, 0, 0, 0, 
9.384, -5.67631e-10, -4.41073e-08, 1.22376e-05, 0, 0, 0, 
9.392, -5.67631e-10, -4.41073e-08, 1.22376e-05, 0, 0, 0, 
9.4, -5.67631e-10, -4.41073e-08, 1.22376e-05, 0, 0, 0, 
9.408, -5.67631e-10, -4.41073e-08, 1.22376e-05, 0, 0, 0, 
9.416, -5.67631e-10, -4.41073e-08, 1.22376e-05, 0, 0, 0, 
9.424, -5.67631e-10, -4.41073e-08, 1.22376e-05, 0, 0, 0, 
9.432, -5.67631e-10, -4.41073e-08, 1.22376e-05, 0, 0, 0, 
9.44, -5.67631e-10, -4.41073e-08, 1.22376e-05, 0, 0, 0, 
9.448, -5.67631e-10, -4.41073e-08, 1.22376e-05, 0, 0, 0, 
9.456, -5.67631e-10, -4.41073e-08, 1.22376e-05, 0, 0, 0, 
9.464, -5.67631e-10, -4.41073e-08, 1.22376e-05, 0, 0, 0, 
9.472, -5.67631e-10, -4.41073e-08, 1.22376e-05, 0, 0, 0, 
9.48, -5.67631e-10, -4.41073e-08, 1.22376e-05, 0, 0, 0, 
9.488, -5.67631e-10, -4.41073e-08, 1.22376e-05, 0, 0, 0, 
9.496, -5.67631e-10, -4.41073e-08, 1.22376e-05, 0, 0, 0, 
9.504, -5.67631e-10, -4.41073e-08, 1.22376e-05, 0, 0, 0, 
9.512, -5.67631e-10, -4.41073e-08, 1.22376e-05, 0, 0, 0, 
9.52, -5.67631e-10, -4.41073e-08, 1.22376e-05, 0, 0, 0, 
9.528, -5.67631e-10, -4.41073e-08, 1.22376e-05, 0, 0, 0, 
9.536, -5.67631e-10, -4.41073e-08, 1.22376e-05, 0, 0, 0, 
9.544, -5.67631e-10, -4.41073e-08, 1.22376e-05, 0, 0, 0, 
9.552, -5.67631e-10, -4.41073e-08, 1.22376e-05, 0, 0, 0, 
9.56, -5.67631e-10, -4.41073e-08, 1.22376e-05, 0, 0, 0, 
9.568, -5.67631e-10, -4.41073e-08, 1.22376e-05, 0, 0, 0, 
9.576, -5.67631e-10, -4.41073e-08, 1.22376e-05, 0, 0, 0, 
9.584, -5.67631e-10, -4.41073e-08, 1.22376e-05, 0, 0, 0, 
9.592, -5.67631e-10, -4.41073e-08, 1.22376e-05, 0, 0, 0, 
9.6, -5.67631e-10, -4.41073e-08, 1.22376e-05, 0, 0, 0, 
9.608, -5.67631e-10, -4.41073e-08, 1.22376e-05, 0, 0, 0, 
9.616, -5.67631e-10, -4.41073e-08, 1.22376e-05, 0, 0, 0, 
9.624, -5.67631e-10, -4.41073e-08, 1.22376e-05, 0, 0, 0, 
9.632, -5.67631e-10, -4.41073e-08, 1.22376e-05, 0, 0, 0, 
9.64, -5.67631e-10, -4.41073e-08, 1.22376e-05, 0, 0, 0, 
9.648, -5.67631e-10, -4.41073e-08, 1.22376e-05, 0, 0, 0, 
9.656, -5.67631e-10, -4.41073e-08, 1.22376e-05, 0, 0, 0, 
9.664, -5.67631e-10, -4.41073e-08, 1.22376e-05, 0, 0, 0, 
9.672, -5.67631e-10, -4.41073e-08, 1.22376e-05, 0, 0, 0, 
9.68, -5.67631e-10, -4.41073e-08, 1.22376e-05, 0, 0, 0, 
9.688, -5.67631e-10, -4.41073e-08, 1.22376e-05, 0, 0, 0, 
9.696, -5.67631e-10, -4.41073e-08, 1.22376e-05, 0, 0, 0, 
9.704, -5.67631e-10, -4.41073e-08, 1.22376e-05, 0, 0, 0, 
9.712, -5.67631e-10, -4.41073e-08, 1.22376e-05, 0, 0, 0, 
9.72, -5.67631e-10, -4.41073e-08, 1.22376e-05, 0, 0, 0, 
9.728, -5.67631e-10, -4.41073e-08, 1.22376e-05, 0, 0, 0, 
9.736, -5.67631e-10, -4.41073e-08, 1.22376e-05, 0, 0, 0, 
9.744, -5.67631e-10, -4.41073e-08, 1.22376e-05, 0, 0, 0, 
9.752, -5.67631e-10, -4.41073e-08, 1.22376e-05, 0, 0, 0, 
9.76, -5.67631e-10, -4.41073e-08, 1.22376e-05, 0, 0, 0, 
9.768, -5.67631e-10, -4.41073e-08, 1.22376e-05, 0, 0, 0, 
9.776, -5.67631e-10, -4.41073e-08, 1.22376e-05, 0, 0, 0, 
9.784, -5.67631e-10, -4.41073e-08, 1.22376e-05, 0, 0, 0, 
9.792, -5.67631e-10, -4.41073e-08, 1.22376e-05, 0, 0, 0, 
9.8, -5.67631e-10, -4.41073e-08, 1.22376e-05, 0, 0, 0, 
9.808, -5.67631e-10, -4.41073e-08, 1.22376e-05, 0, 0, 0, 
9.816, -5.67631e-10, -4.41073e-08, 1.22376e-05, 0, 0, 0, 
9.824, -5.67631e-10, -4.41073e-08, 1.22376e-05, 0, 0, 0, 
9.832, -5.67631e-10, -4.41073e-08, 1.22376e-05, 0, 0, 0, 
9.84, -5.67631e-10, -4.41073e-08, 1.22376e-05, 0, 0, 0, 
9.848, -5.67631e-10, -4.41073e-08, 1.22376e-05, 0, 0, 0, 
9.856, -5.67631e-10, -4.41073e-08, 1.22376e-05, 0, 0, 0, 
9.864, -5.67631e-10, -4.41073e-08, 1.22376e-05, 0, 0, 0, 
9.872, -5.67631e-10, -4.41073e-08, 1.22376e-05, 0, 0, 0, 
9.88, -5.67631e-10, -4.41073e-08, 1.22376e-05, 0, 0, 0, 
9.888, -5.67631e-10, -4.41073e-08, 1.22376e-05, 0, 0, 0, 
9.896, -5.67631e-10, -4.41073e-08, 1.22376e-05, 0, 0, 0, 
9.904, -5.67631e-10, -4.41073e-08, 1.22376e-05, 0, 0, 0, 
9.912, -5.67631e-10, -4.41073e-08, 1.22376e-05, 0, 0, 0, 
9.92, -5.67631e-10, -4.41073e-08, 1.22376e-05, 0, 0, 0, 
9.928, -5.67631e-10, -4.41073e-08, 1.22376e-05, 0, 0, 0, 
9.936, -5.67631e-10, -4.41073e-08, 1.22376e-05, 0, 0, 0, 
9.944, -5.67631e-10, -4.41073e-08, 1.22376e-05, 0, 0, 0, 
9.952, -5.67631e-10, -4.41073e-08, 1.22376e-05, 0, 0, 0, 
9.96, -5.67631e-10, -4.41073e-08, 1.22376e-05, 0, 0, 0, 
9.968, -5.67631e-10, -4.41073e-08, 1.22376e-05, 0, 0, 0, 
9.976, -5.67631e-10, -4.41073e-08, 1.22376e-05, 0, 0, 0, 
9.984, -5.67631e-10, -4.41073e-08, 1.22376e-05, 0, 0, 0, 
9.992, -5.67631e-10, -4.41073e-08, 1.22376e-05, 0, 0, 0, 
10, -5.67631e-10, -4.41073e-08, 1.22376e-05, 0, 0, 0, 
10.008, -5.67631e-10, -4.41073e-08, 1.22376e-05, 0, 0, 0, 
10.016, -5.67631e-10, -4.41073e-08, 1.22376e-05, 0, 0, 0, 
10.024, -5.67631e-10, -4.41073e-08, 1.22376e-05, 0, 0, 0, 
10.032, -5.67631e-10, -4.41073e-08, 1.22376e-05, 0, 0, 0, 
10.04, -5.67631e-10, -4.41073e-08, 1.22376e-05, 0, 0, 0, 
10.048, -5.67631e-10, -4.41073e-08, 1.22376e-05, 0, 0, 0, 
10.056, -5.67631e-10, -4.41073e-08, 1.22376e-05, 0, 0, 0, 
10.064, -5.67631e-10, -4.41073e-08, 1.22376e-05, 0, 0, 0, 
10.072, -5.67631e-10, -4.41073e-08, 1.22376e-05, 0, 0, 0, 
10.08, -5.67631e-10, -4.41073e-08, 1.22376e-05, 0, 0, 0, 
10.088, -5.67631e-10, -4.41073e-08, 1.22376e-05, 0, 0, 0, 
10.096, -5.67631e-10, -4.41073e-08, 1.22376e-05, 0, 0, 0, 
10.104, -5.67631e-10, -4.41073e-08, 1.22376e-05, 0, 0, 0, 
10.112, -5.67631e-10, -4.41073e-08, 1.22376e-05, 0, 0, 0, 
10.12, -5.67631e-10, -4.41073e-08, 1.22376e-05, 0, 0, 0, 
10.128, -5.67631e-10, -4.41073e-08, 1.22376e-05, 0, 0, 0, 
10.136, -5.67631e-10, -4.41073e-08, 1.22376e-05, 0, 0, 0, 
10.144, -5.67631e-10, -4.41073e-08, 1.22376e-05, 0, 0, 0, 
10.152, -5.67631e-10, -4.41073e-08, 1.22376e-05, 0, 0, 0, 
10.16, -5.67631e-10, -4.41073e-08, 1.22376e-05, 0, 0, 0, 
10.168, -5.67631e-10, -4.41073e-08, 1.22376e-05, 0, 0, 0, 
10.176, -5.67631e-10, -4.41073e-08, 1.22376e-05, 0, 0, 0, 
10.184, -5.67631e-10, -4.41073e-08, 1.22376e-05, 0, 0, 0, 
10.192, -5.67631e-10, -4.41073e-08, 1.22376e-05, 0, 0, 0, 
10.2, -5.67631e-10, -4.41073e-08, 1.22376e-05, 0, 0, 0, 
10.208, -5.67631e-10, -4.41073e-08, 1.22376e-05, 0, 0, 0, 
10.216, -5.67631e-10, -4.41073e-08, 1.22376e-05, 0, 0, 0, 
10.224, -5.67631e-10, -4.41073e-08, 1.22376e-05, 0, 0, 0, 
10.232, -5.67631e-10, -4.41073e-08, 1.22376e-05, 0, 0, 0, 
10.24, -5.67631e-10, -4.41073e-08, 1.22376e-05, 0, 0, 0, 
10.248, -5.67631e-10, -4.41073e-08, 1.22376e-05, 0, 0, 0, 
10.256, -5.67631e-10, -4.41073e-08, 1.22376e-05, 0, 0, 0, 
10.264, -5.67631e-10, -4.41073e-08, 1.22376e-05, 0, 0, 0, 
10.272, -5.67631e-10, -4.41073e-08, 1.22376e-05, 0, 0, 0, 
10.28, -5.67631e-10, -4.41073e-08, 1.22376e-05, 0, 0, 0, 
10.288, -5.67631e-10, -4.41073e-08, 1.22376e-05, 0, 0, 0, 
10.296, -5.67631e-10, -4.41073e-08, 1.22376e-05, 0, 0, 0, 
10.304, -5.67631e-10, -4.41073e-08, 1.22376e-05, 0, 0, 0, 
10.312, -5.67631e-10, -4.41073e-08, 1.22376e-05, 0, 0, 0, 
10.32, -5.67631e-10, -4.41073e-08, 1.22376e-05, 0, 0, 0, 
10.328, -5.67631e-10, -4.41073e-08, 1.22376e-05, 0, 0, 0, 
10.336, -5.67631e-10, -4.41073e-08, 1.22376e-05, 0, 0, 0, 
10.344, -5.67631e-10, -4.41073e-08, 1.22376e-05, 0, 0, 0, 
10.352, -5.67631e-10, -4.41073e-08, 1.22376e-05, 0, 0, 0, 
10.36, -5.67631e-10, -4.41073e-08, 1.22376e-05, 0, 0, 0, 
10.368, -5.67631e-10, -4.41073e-08, 1.22376e-05, 0, 0, 0, 
10.376, -5.67631e-10, -4.41073e-08, 1.22376e-05, 0, 0, 0, 
10.384, -5.67631e-10, -4.41073e-08, 1.22376e-05, 0, 0, 0, 
10.392, -5.67631e-10, -4.41073e-08, 1.22376e-05, 0, 0, 0, 
10.4, -5.67631e-10, -4.41073e-08, 1.22376e-05, 0, 0, 0, 
10.408, -5.67631e-10, -4.41073e-08, 1.22376e-05, 0, 0, 0, 
10.416, -5.67631e-10, -4.41073e-08, 1.22376e-05, 0, 0, 0, 
10.424, -5.67631e-10, -4.41073e-08, 1.22376e-05, 0, 0, 0, 
10.432, -5.67631e-10, -4.41073e-08, 1.22376e-05, 0, 0, 0, 
10.44, -5.67631e-10, -4.41073e-08, 1.22376e-05, 0, 0, 0, 
10.448, -5.67631e-10, -4.41073e-08, 1.22376e-05, 0, 0, 0, 
10.456, -5.67631e-10, -4.41073e-08, 1.22376e-05, 0, 0, 0, 
10.464, -5.67631e-10, -4.41073e-08, 1.22376e-05, 0, 0, 0, 
10.472, -5.67631e-10, -4.41073e-08, 1.22376e-05, 0, 0, 0, 
10.48, -5.67631e-10, -4.41073e-08, 1.22376e-05, 0, 0, 0, 
10.488, -5.67631e-10, -4.41073e-08, 1.22376e-05, 0, 0, 0, 
10.496, -5.67631e-10, -4.41073e-08, 1.22376e-05, 0, 0, 0, 
10.504, -5.67631e-10, -4.41073e-08, 1.22376e-05, 0, 0, 0, 
10.512, -5.67631e-10, -4.41073e-08, 1.22376e-05, 0, 0, 0, 
10.52, -5.67631e-10, -4.41073e-08, 1.22376e-05, 0, 0, 0, 
10.528, -5.67631e-10, -4.41073e-08, 1.22376e-05, 0, 0, 0, 
10.536, -5.67631e-10, -4.41073e-08, 1.22376e-05, 0, 0, 0, 
10.544, -5.67631e-10, -4.41073e-08, 1.22376e-05, 0, 0, 0, 
10.552, -5.67631e-10, -4.41073e-08, 1.22376e-05, 0, 0, 0, 
10.56, -5.67631e-10, -4.41073e-08, 1.22376e-05, 0, 0, 0, 
10.568, -5.67631e-10, -4.41073e-08, 1.22376e-05, 0, 0, 0, 
10.576, -5.67631e-10, -4.41073e-08, 1.22376e-05, 0, 0, 0, 
10.584, -5.67631e-10, -4.41073e-08, 1.22376e-05, 0, 0, 0, 
10.592, -5.67631e-10, -4.41073e-08, 1.22376e-05, 0, 0, 0, 
10.6, -5.67631e-10, -4.41073e-08, 1.22376e-05, 0, 0, 0, 
10.608, -5.67631e-10, -4.41073e-08, 1.22376e-05, 0, 0, 0, 
10.616, -5.67631e-10, -4.41073e-08, 1.22376e-05, 0, 0, 0, 
10.624, -5.67631e-10, -4.41073e-08, 1.22376e-05, 0, 0, 0, 
10.632, -5.67631e-10, -4.41073e-08, 1.22376e-05, 0, 0, 0, 
10.64, -5.67631e-10, -4.41073e-08, 1.22376e-05, 0, 0, 0, 
10.648, -5.67631e-10, -4.41073e-08, 1.22376e-05, 0, 0, 0, 
10.656, -5.67631e-10, -4.41073e-08, 1.22376e-05, 0, 0, 0, 
10.664, -5.67631e-10, -4.41073e-08, 1.22376e-05, 0, 0, 0, 
10.672, -5.67631e-10, -4.41073e-08, 1.22376e-05, 0, 0, 0, 
10.68, -5.67631e-10, -4.41073e-08, 1.22376e-05, 0, 0, 0, 
10.688, -5.67631e-10, -4.41073e-08, 1.22376e-05, 0, 0, 0, 
10.696, -5.67631e-10, -4.41073e-08, 1.22376e-05, 0, 0, 0, 
10.704, -5.67631e-10, -4.41073e-08, 1.22376e-05, 0, 0, 0, 
10.712, -5.67631e-10, -4.41073e-08, 1.22376e-05, 0, 0, 0, 
10.72, -5.67631e-10, -4.41073e-08, 1.22376e-05, 0, 0, 0, 
10.728, -5.67631e-10, -4.41073e-08, 1.22376e-05, 0, 0, 0, 
10.736, -5.67631e-10, -4.41073e-08, 1.22376e-05, 0, 0, 0, 
10.744, -5.67631e-10, -4.41073e-08, 1.22376e-05, 0, 0, 0, 
10.752, -5.67631e-10, -4.41073e-08, 1.22376e-05, 0, 0, 0, 
10.76, -5.67631e-10, -4.41073e-08, 1.22376e-05, 0, 0, 0, 
10.768, -5.67631e-10, -4.41073e-08, 1.22376e-05, 0, 0, 0, 
10.776, -5.67631e-10, -4.41073e-08, 1.22376e-05, 0, 0, 0, 
10.784, -5.67631e-10, -4.41073e-08, 1.22376e-05, 0, 0, 0, 
